RIC,Weight
SMFT3.SA,0.000804633
MGLU3.SA,0.002862247
KBC.BR,0.027916048
ICT.PS,0.006339869
000880.KS,0.001690792
TRELb.ST,0.00879089
3549.T,0.001377545
028300.KQ,0.00375792
6841.T,0.007059184
H.TO,0.013774454
KERVT.IS,0.000139384
AUFI.NS,0.004675967
688289.SH,4.55E-05
323410.KS,0.006601859
FANG.OQ,0.0382752
FPEn.DE,0.001703
DLG.MI,0.002506088
688301.SH,0.000317671
301029.ZK,0.000337564
IVL.BK,0.002660027
GMG.AX,0.039362604
JSMR.JK,0.00084584
300251.ZK,0.000357433
600369.SH,0.000367302
TECH.OQ,0.019487232
BRISA.IS,0.000133325
8964.T,0.002507764
BEIG.DE,0.019710903
1812.HK,0.000184389
COO.N,0.029075621
2201.T,0.001829926
FPE3_p.DE,0.004421347
4307.T,0.018513922
SNPS.OQ,0.107088104
CNVRG.PS,0.000732084
FLT.N,0.02841007
9922.HK,0.00235916
ATO.N,0.026180018
688008.SH,0.001015703
ALKE.NS,0.001676266
2264.T,0.001886428
081660.KS,0.002339077
RECV3.SA,0.001294674
9048.T,0.004696972
GETIb.ST,0.006439782
2811.T,0.002642488
MOH.N,0.026643451
002727.ZK,0.000202463
0270.HK,0.003704266
SISE.IS,0.004003852
RCOP.PA,0.005925261
EVRG.OQ,0.019978776
000977.ZK,0.001021755
TLXGn.DE,0.004836144
ZAIN.KW,0.004982153
PGR.N,0.106630605
REGN.OQ,0.114634336
ENT.L,0.015831995
002624.ZK,0.000261116
601991.SH,0.000313963
5801.T,0.001733412
ENELAM.SN,0.00393473
4666.T,0.00243731
603338.SH,0.000340853
ERST.VI,0.018893211
LLOY.L,0.060014242
ADSK.OQ,0.071072573
9301.T,0.002276963
000050.ZK,0.000317391
601098.SH,0.000303154
ACBr.AT,0.005886309
VAR.OL,0.00178658
POOL.OQ,0.020688096
ELV.N,0.160179234
NTPC.NS,0.016475632
MRL.MC,0.004635719
0268.HK,0.005707166
600012.SH,0.000134738
601898.SH,0.000650818
TSCO.L,0.036185142
9007.T,0.006249517
DINV.DU,0.002136468
GVYM.TA,0.000316171
NOW.N,0.185147086
004020.KS,0.003401635
IFXGn.DE,0.084455118
000063.ZK,0.002534726
KTC.BK,0.002701279
3226.T,0.003333378
002314.ZK,7.60E-05
0669.HK,0.022776082
MRNA.OQ,0.062771197
9513.T,0.003848829
002030.ZK,0.000204362
NTCO3.SA,0.004767245
285130.KS,0.000770986
001914.ZK,0.000235699
4536.T,0.004459688
GILD.OQ,0.148896147
4118.T,0.002619883
IR.N,0.041287241
BAER.S,0.021461058
WHLJ.J,0.005975018
000210.KS,0.000555405
2409.TW,0.006577248
MNDI.L,0.012598193
KSP.I,0.018505347
600919.SH,0.000544724
1910.HK,0.006133674
603707.SH,0.000199046
000563.ZK,0.000232519
PEO.WA,0.006898824
ABC.N,0.047333555
035250.KS,0.00211558
VLO.N,0.063342022
051915.KS,0.003508726
300769.ZK,0.000493167
PHNX.L,0.007956273
2330.SE,0.002418142
1157.HK,0.00120102
002004.ZK,0.000151213
000088.ZK,0.000164758
EMMN.S,0.003238017
IHHH.KL,0.005761594
600392.SH,0.000324516
1504.TW,0.005033011
019170.KS,0.000633816
4202.T,0.00342498
002008.ZK,0.000286867
PG.N,0.535209521
SNOW.N,0.088793435
9901.HK,0.009332205
CANTE.IS,0.000216854
ECO.CN,0.003959653
600584.SH,0.000940003
AKSEN.IS,0.000521808
402340.KS,0.00549298
BFb.N,0.018830719
VICI.N,0.04821139
8454.TW,0.001743162
3319.HK,0.000700537
600039.SH,0.001050694
4324.T,0.010726391
002756.ZK,0.000387173
HDBK.NS,0.092239924
3765.T,0.000947882
BPCL.NS,0.00703108
VNAn.DE,0.023011663
DAL.N,0.011851559
7240.T,0.002544585
6448.T,0.005473459
KKR.N,0.060707638
KANE.NS,0.001183602
600872.SH,0.000401435
000997.ZK,0.000287992
WMB.N,0.06180962
090435.KS,0.000421258
PLUG.OQ,0.010108067
WBA.OQ,0.032251092
VESBE.IS,0.000239436
QAN.AX,0.005903303
6078.HK,0.003083502
6146.T,0.021731602
005940.KS,0.001582613
BSDE.JK,0.001022361
012330.KS,0.017857508
6770.TW,0.004410894
LTFH.NS,0.002031954
OLAG.SI,0.00186668
TBEI.NS,0.006056975
6881.HK,0.002874433
601727.SH,0.000645651
6239.TW,0.003780936
AAL.L,0.055598696
601880.SH,0.000369208
SCC.PS,0.000917214
BH.BK,0.005558197
6755.T,0.001969338
002044.ZK,0.000398399
HLUNa.CO,0.000272622
8001.T,0.079826131
OTEr.AT,0.005172105
TTB.BK,0.003147295
INTP.JK,0.00151293
4661.T,0.055945011
SUTV.NS,0.000930128
HLCB.KL,0.00133408
1878.T,0.009916118
PPL.TO,0.025904202
1128.HK,0.002207246
000555.ZK,0.000100807
3998.HK,0.002371176
AGI.PS,0.001295056
INDT.ST,0.009277235
2809.T,0.002804497
002041.ZK,0.000212217
008930.KS,0.000919124
VWS.CO,0.042958041
3360.HK,0.001515378
BX.N,0.114814133
ACEN.PS,0.001356962
SAGAd.ST,0.000404616
EKHOA.CA,0.000540104
4183.T,0.007453501
ERCB.IS,0.000109208
VODA.NS,0.001151855
ALDAR.AD,0.008101835
BABr.AT,0.005188733
3808.HK,0.002115909
TRN.MI,0.018215056
2395.TW,0.008986197
GENIL.IS,0.000230845
HKLD.SI,0.006282828
161390.KS,0.003236486
005490.KS,0.04405028
1347.HK,0.002181615
VZ.N,0.206830629
200488.SZ,0.000253686
ASAI3.SA,0.005309264
EMBR3.SA,0.004042243
1548.HK,0.00311565
VOES.VI,0.005917101
4739.T,0.003760135
ODET.PA,0.001011778
3279.T,0.00326612
9626.HK,0.005847121
8304.T,0.003551955
002430.ZK,0.000305423
AEFES.IS,0.000917263
CTCa.TO,0.011191484
TSEM.TA,0.006442866
005385.KS,0.002795875
LIVEPOLC1.MX,0.001900036
AFXG.DE,0.006275815
8354.T,0.00543835
300113.ZK,0.000162583
LUPN.NS,0.004169692
000553.ZK,0.000108923
005830.KS,0.003884971
ALFA.ST,0.017477845
ICP.L,0.007871621
000998.ZK,0.000317595
8424.T,0.002280886
002176.ZK,0.000307033
ICAD.PA,0.002074299
BGRIM.BK,0.001146129
600018.SH,0.000843303
SDR.L,0.007444341
002595.ZK,0.000410098
RHC.AX,0.010324259
000690.ZK,0.000216939
ENKAI.IS,0.003228568
BDMS.BK,0.013953718
GODR.NS,0.003108083
3988.HK,0.040997482
DVA.N,0.008721537
5991.T,0.001754528
LTG.PS,0.000735841
0388.HK,0.073049414
3606.HK,0.003908102
UPM.HE,0.026190067
2432.T,0.001649276
ADP.OQ,0.148582067
MRF.NS,0.005136151
000059.ZK,0.000148059
DSV.CO,0.060590189
SCHB.OL,0.002660452
300014.ZK,0.001723488
000887.ZK,0.000255665
AM.PA,0.007296727
0874.HK,0.001000042
600050.SH,0.002180919
AUTO.OL,0.002575748
000815.KS,0.000557925
ATD.TO,0.058438866
VAMO3.SA,0.001150708
NEDJ.J,0.009298486
1958.HK,0.000872951
SGE.L,0.01896598
WPP.L,0.018131357
9987.HK,0.036954915
2498.TW,0.002029471
GLW.N,0.038931833
FGVH.KL,0.000189256
HAPV3.SA,0.006310071
VRSK.OQ,0.04973394
0358.HK,0.002887799
2815.T,0.001016616
002653.ZK,0.000207471
AGNC.OQ,0.008950578
SUPI.NS,0.004133654
002790.KS,0.000845305
TER.OQ,0.027785528
7267.T,0.076192275
HRGV.L,0.006334019
FFIV.OQ,0.013731456
KONYA.IS,0.000185071
LAUL.NS,0.002545491
2882.TW,0.020387952
AHT.L,0.047460263
MORr.AT,0.002233837
9868.HK,0.012294193
002027.ZK,0.001545057
CSCO.OQ,0.319998418
1959.T,0.001728199
JARD.SI,0.015062687
4974.T,0.000870787
TABK.PR,0.000522193
9618.HK,0.066206204
8114.T,0.001633042
TGT.N,0.091627686
EXAS.OQ,0.026651342
ICBP.JK,0.002706146
3092.T,0.003358557
K.N,0.02634166
KEN.TA,0.000812901
SHBa.ST,0.020701139
FESTI.IC,0.000672677
ETN.N,0.12756616
AIA.NZ,0.009385137
7164.T,0.002689731
MASI.OQ,0.008510421
601156.SH,0.00030524
002110.ZK,0.000156636
0014.HK,0.002181763
BVTJ.J,0.007783441
051910.KS,0.038655205
FOXA.OQ,0.015135512
BRIS.JK,0.000532624
TSN.N,0.021773099
000425.ZK,0.001246561
000519.ZK,0.000220475
CNBK.NS,0.002215149
000559.ZK,0.000276376
8766.T,0.063936211
INGL.NS,0.00610898
3635.T,0.003800385
4114.T,0.001820207
PCG.N,0.048018501
UNOI.NS,0.001785066
ULTC.NS,0.017379265
AAPL.OQ,4.403466607
GTCAP.PS,0.001456976
LUNDb.ST,0.004925835
FRAG.DE,0.002973357
600795.SH,0.000975247
601881.SH,0.000411033
900911.SS,0.000387233
MFT.NZ,0.005580713
AVEU.NS,0.010192568
6857.T,0.044217774
3462.T,0.0079135
FRAE.SI,0.004212197
DVN.N,0.049278106
0016.HK,0.026563827
IDFB.NS,0.004889382
ADTB.NS,0.001568562
002468.ZK,0.000255206
SONB.NS,0.003567601
000627.ZK,0.000166008
ENJSA.IS,0.000537622
MALLPLAZA.SN,0.00076951
UBER.N,0.140032069
SPOS.SI,0.000844956
TEAM.OQ,0.041289548
8953.T,0.007236507
3918.HK,0.001233583
4321.SE,0.001522213
0780.HK,0.00411284
SGR.AX,0.00160767
8630.T,0.02158206
EVKn.DE,0.006490752
002010.ZK,7.34E-05
000750.ZK,0.00027829
KESKOB.HE,0.007921331
COMB.QA,0.008154613
VMC.N,0.045147263
ESS.N,0.023294688
SOLJ.J,0.011504589
OPCE.TA,0.000944166
BMEB.L,0.010294816
PEP.OQ,0.386996578
PAFO.NS,0.001641734
VOLVb.ST,0.050396928
1434.TW,0.001321468
5411.T,0.01150323
META.OQ,1.051167383
ACCP.PA,0.01070026
KMI.N,0.051591785
CF.N,0.022716104
BATS.L,0.113118096
VOWG.DE,0.007432825
ZRGYO.IS,0.000230126
BMRI.JK,0.024084528
2412.T,0.000902215
CBRE.N,0.041729785
2338.HK,0.004323382
7453.T,0.004355575
6923.T,0.004395814
8804.T,0.00394156
MMC.N,0.141804157
105560.KS,0.022499555
MMM.N,0.086249271
002673.ZK,0.000434998
JUBI.NS,0.003167897
002925.ZK,8.20E-05
WCN.TO,0.054769789
BEN.N,0.012767078
HNKG.DE,0.010822803
FEMSAUBD.MX,0.030181174
601799.SH,0.000504255
CELC.KL,0.005613521
002497.ZK,0.000267892
INBA.NS,0.001202466
6753.T,0.001847857
NEOE3.SA,0.001559384
DMC.PS,0.001055819
300024.ZK,0.000328465
8591.T,0.033086812
RKT.L,0.082498153
GRMN.N,0.025125308
300454.ZK,0.000245745
300529.ZK,0.000238644
BAX.N,0.036202227
FLTRF.L,0.054498249
Z.OQ,0.012794172
005935.KS,0.059632384
VALMT.HE,0.00758277
FROTO.IS,0.002849611
600295.SH,0.000271821
326030.KS,0.002568152
OXY.N,0.063809401
9668.HK,0.000704731
VDAN.NS,0.00641836
7550.T,0.007100661
BRAP3.SA,0.000204651
5332.T,0.006730584
600177.SH,0.000450503
7269.T,0.026354869
GIBa.TO,0.034451638
900925.SS,0.000346883
1919.HK,0.004748463
002602.ZK,0.000697629
NUE.N,0.065637956
300979.ZK,0.000212825
1268.HK,0.00084054
1099.HK,0.00589073
002273.ZK,0.000245268
BCVN.S,0.004802325
6185.HK,0.000452388
300144.ZK,0.000494959
AWC.AX,0.003700221
1177.HK,0.006521574
KNIN.S,0.024242234
ARW.N,0.012649865
DWSG.DE,0.001696575
002739.ZK,0.000475374
0175.HK,0.010290696
TELA.VI,0.001575999
688303.SH,0.000476409
ST.N,0.010825804
MMFS.NS,0.003486867
IQV.N,0.062924195
002036.ZK,0.000197807
NOVN.S,0.318384781
AIR.PA,0.13439648
4689.T,0.010995105
2310.SE,0.005278262
0909.HK,0.000367293
002049.ZK,0.001171269
IBM.N,0.187317429
4063.T,0.099181817
002714.ZK,0.003457371
MTN.N,0.01489708
KR.N,0.045900473
1908.HK,0.002209741
SPK.NZ,0.009045484
ADAI.NS,0.004601119
00680K.KS,0.000601648
000876.ZK,0.000800432
005387.KS,0.004433263
KVIKA.IC,0.000877928
3283.T,0.00764266
9658.HK,0.000484117
TBSJ.J,0.002176311
0525.HK,0.00057828
001450.KS,0.00202689
MOS.N,0.018899386
196170.KQ,0.001685308
BAJA.NS,0.006135603
DD.N,0.052103221
2267.T,0.012560615
FNV.TO,0.043007922
4732.T,0.00549118
A2.MI,0.004289217
HEXAb.ST,0.035557059
PST.MI,0.007719259
NWG.L,0.027673745
000963.ZK,0.001154545
KEPE.SI,0.003270136
CCRI.NS,0.003475621
068760.KQ,0.001991899
6806.T,0.006428259
688036.SH,0.001578969
000975.ZK,0.000545434
6436.T,0.002124438
SGSN.S,0.021185337
DPNT.NS,0.002721267
000401.ZK,0.000292281
SPSN.S,0.011138707
2018.HK,0.002451754
HAS.OQ,0.012563803
JNPR.N,0.014498905
HAL.N,0.052115466
2492.TW,0.002373263
VRTX.OQ,0.140837289
3923.T,0.002489815
0598.HK,0.001050687
TFGJ.J,0.002596201
UNTR.JK,0.003627306
WISEa.L,0.010014985
006405.KS,0.000568861
4768.T,0.006466103
CDNS.OQ,0.100471271
SEAT.SI,0.006689843
1722.TW,0.00228775
MARK.QA,0.006416166
601838.SH,0.000255336
1180.SE,0.047728921
STZ.N,0.05922339
000970.ZK,0.000217852
UDR.N,0.02117509
4527.T,0.006486062
TEL.PS,0.003289566
600015.SH,0.001293513
MTEL.JK,0.001182851
601828.SH,0.00010424
PIRA.NS,0.002271784
2866.HK,0.000628293
SPL1.WA,0.004738766
AEM.TO,0.03755151
ULVR.L,0.200716553
IOC.NS,0.007434558
VFQS.QA,0.001250871
BSANTANDER.SN,0.004802103
688208.SH,7.34E-05
2610.TW,0.003520194
0066.HK,0.009832327
9364.T,0.003244438
SEBa.ST,0.030200492
600801.SH,0.000248899
601998.SH,0.000865942
000538.ZK,0.001311367
688002.SH,0.000320483
ISP.MI,0.065254465
200725.SZ,0.000435465
PPL.PSX,0.000248359
600409.SH,0.000174838
9503.T,0.013503198
GAPB.MX,0.011063518
SBUX.OQ,0.173127395
NTRS.OQ,0.022355596
2607.T,0.000969884
002409.ZK,0.000555477
PNDORA.CO,0.012872162
EXR.N,0.030465037
ADCB.AD,0.01005079
300059.ZK,0.003371625
BAJE.NS,0.008437978
CIPL.NS,0.009797477
ETR.N,0.031893453
0636.HK,0.000474094
ANDR.VI,0.0057439
EQR.N,0.038242804
UTG.L,0.005846681
002032.ZK,0.000361491
FDX.N,0.092507255
9449.T,0.00172167
SYY.N,0.055993736
INKP.JK,0.002330057
042670.KS,0.001862626
000825.ZK,0.000338056
HEIa.N,0.016858828
000089.ZK,0.0002197
BARN.S,0.010348874
6113.T,0.004731034
FTV.N,0.040132496
QISB.QA,0.013859137
SAABb.ST,0.007914756
1101.TW,0.011435277
DTEGn.DE,0.112423718
601766.SH,0.002396597
ROM.BX,0.00050498
MSIN.JK,0.000674288
ALGN.OQ,0.041904068
SCMN.S,0.024919548
300433.ZK,0.000913393
2303.TW,0.027795996
7282.T,0.002176118
1787.HK,0.002107483
8604.T,0.017920933
MDLZ.OQ,0.149324958
RIO.AX,0.045151882
002380.KS,0.001088651
GEHC.OQ,0.048951345
6479.T,0.011684387
2834.TW,0.003729459
RIVN.OQ,0.019385112
3377.HK,0.000221403
NVR.N,0.029077318
CTRA.N,0.030489963
AC.PS,0.005503937
LTIM.NS,0.008524635
KMX.N,0.020624435
2020.SE,0.012229822
000933.ZK,0.000474941
011200.KS,0.006642595
ASUZU.IS,0.000172722
3968.HK,0.024411345
6324.T,0.002264214
TRI.TO,0.031482101
BEKE.N,0.014007058
CCRO3.SA,0.004777718
8056.T,0.00242871
BNRGn.DE,0.01798035
BANH.NS,0.003144198
CSNA3.SA,0.002513666
300770.ZK,0.000134048
000301.ZK,0.000788184
SCCC.BK,0.00055086
2611.HK,0.001400057
601577.SH,0.000420609
SIAE.SI,0.000668
4004.SE,0.00255455
SAE.TA,0.002237172
9005.T,0.011250593
AWK.N,0.042306323
600755.SH,0.000240698
ORCL.NS,0.001668466
SCHN.PA,0.147208912
1893.T,0.002298009
2313.HK,0.011664314
GHITHA.AD,0.000663239
6103.T,0.002351772
MRFG3.SA,0.000706484
600446.SH,0.000176697
SNA.N,0.023370596
BRTI.NS,0.037707827
3563.T,0.002902711
MSCI.N,0.059498701
4182.T,0.004108198
BRKM5.SA,0.001535489
603317.SH,0.000174058
000807.ZK,0.000667817
2888.TW,0.00601217
1120.SE,0.056321076
0823.HK,0.021474196
601019.SH,0.000127861
6532.T,0.007016379
REH.AX,0.004166518
ELEKTRA.MX,0.006661367
5483.TWO,0.004789552
RY.TO,0.20794946
5110.T,0.002778382
CRC.BK,0.004913054
1359.HK,0.001316347
900934.SS,0.000446033
WTB.L,0.013465511
002237.ZK,0.000201966
601615.SH,0.000578985
002195.ZK,0.000145407
603833.SH,0.000319952
600705.SH,0.000497293
NIBEb.ST,0.020477392
0291.HK,0.015198436
4686.T,0.001586636
600010.SH,0.001053734
TEMN.S,0.007878516
ODFL.OQ,0.059186021
GD.N,0.07957756
2270.SE,0.002129053
BOQ.AX,0.003979425
GAA_p.CN,0.000829339
0868.HK,0.00466935
000423.ZK,0.000507953
SGEF.PA,0.088938142
HLUNb.CO,0.002027875
MTXGn.DE,0.020725454
1530.HK,0.002563778
GASI.MI,0.043530952
002250.ZK,0.000138965
CMS.N,0.026271614
CUERVO.MX,0.001930254
DOAS.IS,0.000650966
7936.T,0.007688436
8905.T,0.002253781
600674.SH,0.000970317
001740.KS,0.000898142
603712.SH,0.000154768
CHTR.OQ,0.060416271
MO.N,0.123465277
002601.ZK,0.000604586
MEL.NZ,0.006500202
UBBW.NS,0.001923301
600958.SH,0.001093215
ACC.NS,0.002703776
FBK.MI,0.014257346
WOW.AX,0.049038461
QGTS.QA,0.004838169
002508.ZK,0.000346607
JAZZ.OQ,0.012014017
600820.SH,0.000284039
0303.HK,0.001639475
600160.SH,0.000599712
9143.T,0.009913727
603606.SH,0.000470153
SCHP.S,0.014862348
7261.T,0.008007262
BRTIpp.NS,0.001308001
STRS.TA,0.001492931
603858.SH,0.000121046
000877.ZK,0.000253224
DOW.N,0.057080484
603899.SH,0.00028937
HOLX.OQ,0.028756379
600016.SH,0.002049713
300861.ZK,0.000322452
2593.T,0.002479137
0165.HK,0.00075803
AMPF.MI,0.007017278
7020.SE,0.00725343
RBIV.VI,0.003254868
8750.T,0.028357804
000270.KS,0.025878492
CGF.AX,0.004902067
000681.ZK,0.00015288
BIC_p1.CN,0.005082301
2223.SE,0.002940454
HON.OQ,0.20812439
600989.SH,0.000527695
002174.ZK,0.000107702
603198.SH,0.000271955
600026.SH,0.000733152
EYDr.AT,0.000479849
LCID.OQ,0.00797981
600483.SH,0.000198793
ADIB.AD,0.006755104
PARA.OQ,0.013620608
PODD.OQ,0.030099666
2282.T,0.004265363
0241.HK,0.005666169
000617.ZK,0.000442045
ESLX.PA,0.090343043
DIAS.MI,0.00343249
CSAN3.SA,0.007385087
SSNC.OQ,0.020263874
CPAXT.BK,0.002466303
2606.TW,0.00089366
600025.SH,0.000671504
6502.T,0.020950907
ED.N,0.048666219
RENT3.SA,0.018464248
0992.HK,0.012577762
600233.SH,0.000671114
8002.T,0.040060263
GNTX.OQ,0.011026916
HNRGn.DE,0.019781452
6005.T,0.00383528
4928.T,0.00090099
7309.T,0.020599914
028050.KS,0.006165165
300783.ZK,4.20E-05
PEAK.N,0.01740158
ZOMT.NS,0.007973653
CNA.L,0.01392419
ADVANC.BK,0.011197073
ABF.L,0.014332784
3711.TW,0.019484991
URI.N,0.048503204
RLX.N,0.001981092
CMIN3.SA,0.000690715
AUTr.AT,0.00044238
0939.HK,0.078167614
1802.TW,0.001414885
0316.HK,0.002944844
9533.T,0.002347231
STMN.S,0.02734245
PETKM.IS,0.001126926
RACE.MI,0.058549653
4062.T,0.010148881
KINVb.ST,0.004949112
300438.ZK,0.000315659
6752.T,0.039399966
AGES.BR,0.010491816
PEPT.KL,0.003624991
601233.SH,0.000519476
LIFCOb.ST,0.006828732
7337.T,0.002751779
9601.T,0.001184081
SUNT.SI,0.003143087
ASPN.NS,0.029437801
2579.T,0.002375299
300315.ZK,0.000251571
1378.HK,0.002933013
DMP.AX,0.003205191
HMPRO.BK,0.003479078
ASELS.IS,0.002315801
ALVG.DE,0.14345555
601000.SH,0.000324028
TENr.AT,0.00157672
6099.HK,0.000663396
MKC.N,0.03267395
ORNBV.HE,0.006088358
KPN.AS,0.017640565
4911.T,0.026622105
EMI.PS,0.001861423
LULU.OQ,0.065286682
1797.HK,0.002381787
603708.SH,0.000120713
9633.HK,0.014707831
0880.HK,0.001565164
600808.SH,0.000228888
EBO.NZ,0.005809136
600918.SH,0.000257751
002212.ZK,0.000167071
MPWR.OQ,0.040612021
002191.ZK,0.000147305
600021.SH,0.000434434
9988.HK,0.301927414
ASMI.AS,0.032699579
036570.KS,0.005414149
SIKA.S,0.065596976
6110.HK,0.003650366
ALHE.TA,0.002074265
INFY.NS,0.096070644
BBWI.N,0.012413742
EQIX.OQ,0.1131566
1999.HK,0.00165373
VAKBN.IS,0.00038752
AMP.N,0.056405967
UBSG.S,0.098005529
SPG.N,0.060024539
MCGJ.J,0.002070858
ODAS.IS,0.000504184
0168.HK,0.008272028
ELTR.TA,0.0012201
7186.T,0.007023831
032830.KS,0.006178941
SWECb.ST,0.003393953
ACKB.BR,0.005869799
AMT.N,0.131718237
USIM3.SA,0.000399886
8273.T,0.001496223
MFC.TO,0.054772246
CAST.NS,0.001170282
HLN.L,0.033004942
9962.T,0.008444948
DEWAA.DU,0.009720558
002568.ZK,0.000519153
373220.KS,0.022908729
BIMBOA.MX,0.018245007
TLIT.MI,0.004828338
GJFG.OL,0.003998175
000860.ZK,0.000301221
YTLS.KL,0.001746127
600562.SH,0.000290624
APNJ.J,0.005889831
BJFS.NS,0.011484551
ABI.BR,0.07629991
VIV.PA,0.010011277
137310.KS,0.000470472
3116.T,0.001702062
300072.ZK,0.000123245
7181.T,0.004562929
FTS.TO,0.031410748
B4B.DE,0.001726191
000513.ZK,0.000336843
SLMJ.J,0.009495317
5076.T,0.00324936
V.N,0.593833335
601598.SH,0.000292146
300628.ZK,0.00063317
4816.T,0.000772703
ADRO.JK,0.002910375
SWKS.OQ,0.027835575
EVN.AX,0.006826866
AAL.OQ,0.004649214
SJP.L,0.012010217
1033.HK,0.000313626
ORSTED.CO,0.027152341
YAZG.SI,0.004393706
MCD.N,0.326367966
EDP.LS,0.021727507
KFH.KW,0.035196348
3037.TW,0.012780165
601618.SH,0.000905612
CAGR.PA,0.020774575
601696.SH,0.000156117
KLRHO.IS,0.000230305
ZS.OQ,0.020558486
000878.ZK,0.000340284
002240.ZK,0.000395646
300115.ZK,0.000200049
DFM.DU,0.001119788
FIEG.DE,0.002062864
600056.SH,0.000285613
066570.KS,0.015976263
RAIL3.SA,0.009000208
7167.T,0.003752931
2222.SE,0.040333536
2382.HK,0.010090171
DOBK.QA,0.001602329
SGXL.SI,0.008855307
USB.N,0.085288973
NKE.N,0.198701749
000895.ZK,0.001149942
2784.T,0.003894075
2689.HK,0.001482303
JBH.AX,0.005171051
AP.PS,0.00148078
600276.SH,0.004473768
POLHO.IS,0.000116756
002221.ZK,0.000212177
3690.HK,0.134718184
688063.SH,0.000427963
STERV.HE,0.011253885
MRON.L,0.013641823
CLNX.MC,0.03527858
2010.SE,0.031494964
1997.HK,0.012019427
2897.T,0.008712818
YAR.OL,0.009747173
3888.HK,0.005446576
LSEG.L,0.070848644
MPI.PS,0.001517306
2433.T,0.003992542
NIPF.NS,0.000906591
CORF.NS,0.001943024
NA.TO,0.03900324
DLTR.OQ,0.047261353
603885.SH,0.000543552
PKG.N,0.018229389
6505.TW,0.005355375
ARMK.N,0.015247875
1618.HK,0.001080421
CDW.OQ,0.03872451
CPNG.N,0.029965262
2212.T,0.002670609
603986.SH,0.001147009
4206.T,0.001755639
NETL.SI,0.00293481
PETR.KL,0.001945683
AKCNS.IS,0.000228874
8410.T,0.002040206
9434.T,0.046310485
DADA.OQ,0.000587906
AMP.AX,0.003239806
FNF.N,0.015019319
TKFEN.IS,0.000408768
ALX.AX,0.009388288
8233.T,0.002833865
4523.T,0.026127862
FBU.NZ,0.00414479
088350.KS,0.001063397
ARMX.DU,0.000914962
ALLY.N,0.011583626
DE.N,0.179229368
035420.KS,0.036191042
1140.SE,0.00870308
ABGJ.J,0.012757443
000786.ZK,0.000608013
ITC.NS,0.026196909
BRKa.N,0.285554286
INTC.OQ,0.219344354
CAR.AX,0.009092072
5333.T,0.004608328
601016.SH,0.000348271
BOUK.KW,0.00421163
SCHN.S,0.006674785
OPAr.AT,0.005100793
JCYC.SI,0.003900276
AXBK.NS,0.040796909
4042.T,0.005408461
1963.T,0.004332341
BRKb.N,0.68220225
600549.SH,0.000391599
VFC.N,0.010371174
1802.T,0.009083321
000078.ZK,0.000127117
TITCr.AT,0.001191619
CPALL.BK,0.016698634
ASSAb.ST,0.037807434
PIIL.NS,0.005469072
LISN.S,0.019447723
NUHCM.IS,0.000509426
7730.T,0.00118623
002705.ZK,0.000221481
ALI.PS,0.005340255
4502.T,0.071730805
034220.KS,0.004039107
002131.ZK,0.000229841
2330.TW,0.686012544
AMUN.PA,0.005487735
002572.ZK,0.000121453
ECL.N,0.071345097
002773.ZK,0.00010187
300357.ZK,0.000266456
GCC.MX,0.002266761
4001.SE,0.002581051
CMCSA.OQ,0.267270316
002120.ZK,0.000189981
WLN.PA,0.014132662
6967.T,0.00420258
BOI.NS,0.001122659
KBX.DE,0.007195107
GRLSbn.MC,0.003942488
300212.ZK,0.000314996
6770.T,0.002718794
6669.TW,0.0078683
VOLVa.ST,0.007014025
CRWD.OQ,0.049011779
AKBNK.IS,0.004104789
LRCX.OQ,0.134010164
0020.HK,0.005408902
6674.T,0.002341487
002709.ZK,0.001023433
7276.T,0.006382694
900926.SS,0.002425596
6588.T,0.001038733
600763.SH,0.00049072
HRMS.PA,0.110374869
601225.SH,0.002335122
TMIN.NS,0.001462084
CARR.N,0.070055687
APD.N,0.100724063
MBBM.KL,0.021831764
600926.SH,0.000993947
1951.T,0.003038142
002266.ZK,0.000341492
603517.SH,0.000149451
3714.TW,0.00171474
ALPHADHABI.AD,0.011991379
0363.HK,0.000968457
9021.T,0.014337622
600754.SH,0.000604917
TAMdv.NS,0.002410996
EGCO.BK,0.001622324
3941.T,0.001954777
AWC.BK,0.001433307
1071.HK,0.001190929
241560.KS,0.003495022
NTAP.OQ,0.025685726
WRK.N,0.011502032
181710.KS,0.000493093
LENb.N,0.002463277
HNKG_p.DE,0.020132409
6417.T,0.002624334
2350.SE,0.003740134
4013.SE,0.010055002
9104.T,0.013265093
4186.T,0.003482421
ENGI11.SA,0.004626888
300376.ZK,0.000203479
5871.TW,0.01431341
300999.ZK,0.001154848
BK.N,0.054526001
600499.SH,0.000325408
UNH.N,0.707813603
PFG.OQ,0.029974908
TME.N,0.006658898
8697.T,0.013497154
PZU.WA,0.008369587
066970.KQ,0.007082731
6886.HK,0.00251929
HSIC.OQ,0.015713202
601668.SH,0.003501755
1060.SE,0.016272034
EPAM.N,0.020789309
600309.SH,0.004245362
TRU.N,0.02371562
CTAXTELA.MX,7.61E-05
9697.T,0.011188606
ALCC.S,0.063486004
VTRS.OQ,0.018532254
1093.HK,0.010304093
003550.KS,0.009357255
086790.KS,0.013526925
ITV.L,0.005119338
3466.T,0.003021873
3360.T,0.00194615
BIMAS.IS,0.004963188
8960.T,0.004711403
600779.SH,0.000454902
600893.SH,0.001642109
GFIJ.J,0.021492015
601878.SH,0.000206213
XEL.OQ,0.052840241
SKG.L,0.015050541
WPC.N,0.022525934
GIS.N,0.066463015
8035.T,0.099621025
7912.T,0.011120899
2357.TW,0.010628712
8585.T,0.000709172
NXPI.OQ,0.088194624
3898.HK,0.003249931
ALD.AX,0.007393401
1414.T,0.002749299
603939.SH,0.000542869
TOWR.JK,0.001998831
BVI.PA,0.011653889
2353.TW,0.005632445
MTNJ.J,0.02085658
J.N,0.023475869
CHD.N,0.036503991
CMA.N,0.010010039
000937.ZK,0.000300808
6503.T,0.043833672
SVW.AX,0.003722537
002518.ZK,0.000300115
002511.ZK,0.000208095
SBAC.OQ,0.037276969
PM.N,0.232439596
NHC.AX,0.002710049
2845.TW,0.001271108
SDF.AX,0.00618768
9031.T,0.001994671
UNVR.JK,0.002484896
300058.ZK,0.000334971
BBCA.JK,0.05151499
2324.TW,0.006963662
000528.ZK,0.000233974
600132.SH,0.000632174
BOL.ST,0.01351533
SBIC.NS,0.004535978
9502.T,0.012622033
0013.HK,0.001935566
Q.MX,0.002034596
1055.HK,0.001539059
JKHY.OQ,0.018819587
BJC.BK,0.001553406
IHG.L,0.018532383
DBKGn.DE,0.034161683
5214.T,0.002130675
002230.ZK,0.002317183
ASTR.KL,0.000274153
600196.SH,0.000959282
ELI.BR,0.007147794
7564.T,0.002408428
PDD.OQ,0.050427538
CHRW.OQ,0.016774042
ARTI.NS,0.001716418
AENA.MC,0.017208319
AIRA.DU,0.002563173
SELEC.IS,0.000252927
ETSY.OQ,0.017425716
2201.TW,0.002291586
ADPORTS.AD,0.002461262
000810.ZK,0.000158656
000028.ZK,0.000264016
4967.T,0.004979619
HYPE3.SA,0.005647472
STAU.NS,0.002685527
TSCO.OQ,0.035369414
WEC.N,0.042595862
BAM.TO,0.013776138
TRP.TO,0.059025328
4507.T,0.016959502
NAB.AX,0.090378021
AZRG.TA,0.003292654
DPZ.N,0.021125095
LEGn.DE,0.00770531
BATO.KL,0.00048747
3231.TW,0.018663116
601600.SH,0.001139095
ALFAA.MX,0.003401784
YMM.N,0.007021145
600803.SH,0.000813798
III.L,0.036665777
PBFI.NS,0.00489962
TU.BK,0.001589689
SPEN.TA,0.001549592
EMSN.S,0.008691433
900905.SS,0.001156355
FITB.OQ,0.028852642
PPHJ.J,0.002883428
VST.N,0.015295463
0006.HK,0.010828137
VARB.NS,0.007134313
TLMM.KL,0.001862948
601869.SH,0.000142124
NIO.N,0.019062354
000792.ZK,0.001564452
1060.HK,0.001216522
300009.ZK,0.000249866
TCL.AX,0.044501855
HLL.NS,0.044208171
KLBN11.SA,0.005169889
2222.T,0.002308585
4631.T,0.002305374
JMT.LS,0.012342728
KTB.BK,0.005581736
0390.HK,0.004016481
PSPN.S,0.008256313
2474.TW,0.006092921
8955.T,0.003543368
PH.N,0.079479821
FREN.JK,0.000760815
SWK.N,0.023029438
1972.HK,0.003888539
005380.KS,0.033451346
VESTL.IS,0.000415905
EGIE3.SA,0.002479671
3048.T,0.001676879
SUN.AX,0.018170311
SRFL.NS,0.00584805
ADMr.AT,0.000429021
028670.KS,0.001467769
NTR.TO,0.048007394
300750.ZK,0.014730309
QUB.AX,0.00501795
0817.HK,0.001443079
011070.KS,0.004975262
OTIS.N,0.055710334
5901.T,0.003296526
9602.T,0.006771372
600111.SH,0.001290232
AYDEM.IS,9.93E-05
003816.ZK,0.000328886
2347.TW,0.003962078
5269.TW,0.001918504
CHC.AX,0.005507827
030000.KS,0.001528065
ORK.OL,0.009223404
8227.T,0.003263662
2128.HK,0.00086783
TTPW.NS,0.006810893
8963.T,0.002950916
002463.ZK,0.000694079
AZJ.AX,0.006981273
TECKb.TO,0.028707099
FIS.N,0.054221609
VAPORES.SN,0.001982648
6806.HK,0.000525273
EGEEN.IS,0.000363516
FDS.N,0.024784367
TEML.NS,0.014064805
3234.T,0.002552813
OCBC.SI,0.050511379
ASII.JK,0.013504619
BOROUGE.AD,0.002465959
5347.TWO,0.003583303
LTEH.NS,0.001994683
ALPEKA.MX,0.000588289
002736.ZK,0.000691693
AIRP.PA,0.140227139
GULF.BK,0.006549794
2208.HK,0.000673877
KDP.OQ,0.045790715
003410.KS,0.000675682
3291.T,0.003744155
1030.SE,0.003481232
002223.ZK,0.000526107
KBANK.BK,0.009870604
OMUJ.J,0.004809081
002583.ZK,0.000170542
3311.HK,0.003189811
002302.ZK,8.01E-05
2301.TW,0.014656253
SMGR.JK,0.002278841
8601.T,0.011451799
601288.SH,0.004792318
688396.SH,0.000780609
RBLX.N,0.031819395
ADEL.NS,0.015748682
FRAS.KL,0.001338
034730.KS,0.006196086
0087.HK,0.001777197
GLEN.NS,0.002020186
034020.KS,0.008869979
RIO.L,0.110961091
CBG.BK,0.00103726
600787.SH,0.000183691
DEHr.AT,0.00370941
1801.HK,0.00851325
ELUXb.ST,0.004900377
EAND.AD,0.032523235
8279.T,0.001737289
WHIR.NS,0.000811635
600426.SH,0.001042715
300142.ZK,0.000630749
BEIJb.ST,0.007341584
NOVOb.CO,0.382719199
MEGACPO.MX,0.00112326
600643.SH,0.000121462
300363.ZK,0.000222789
600153.SH,0.000406786
0371.HK,0.001465396
ELCO.TA,0.00053824
4755.T,0.006124216
MDIA3.SA,0.001743044
BOSH.NS,0.003098264
ENGIE.PA,0.042605273
INDUa.ST,0.005455364
GMAT3.SA,0.000989625
0257.HK,0.002109624
0004.HK,0.003393553
SHEL.L,0.316697896
600837.SH,0.00137286
HMSP.JK,0.000833932
CARR.PA,0.017443503
6465.T,0.006420176
LH.N,0.028642034
SRE.N,0.069573375
8267.T,0.022399916
900923.SS,0.000178682
000728.ZK,0.000434426
KGF.L,0.009284848
NDAQ.OQ,0.026708175
IDBI.NS,0.00060583
9147.T,0.006026293
300308.ZK,0.001535596
DIXO.NS,0.002863508
2344.TW,0.004087168
6136.T,0.001561921
0548.HK,0.000897264
002078.ZK,0.000418975
0200.HK,0.001195473
4578.T,0.027366133
ZALG.DE,0.010946244
MAGEN.IS,0.000247261
000581.ZK,0.000215962
600436.SH,0.002563837
DANA.AD,0.001300653
ATVI.OQ,0.11004622
BKT.MC,0.007213954
603026.SH,0.000164207
HOLN.S,0.054955987
CRL.N,0.015547414
0322.HK,0.004272457
PLD.N,0.174228555
PLS.AX,0.015490254
CSGP.OQ,0.056137057
TUKAS.IS,0.000218421
QFLS.QA,0.004099486
HSY.N,0.053780593
NHPC.NS,0.001936581
KTKM.NS,0.003498089
NHY.OL,0.012943548
002304.ZK,0.002955266
ASX.AX,0.012332882
EMBA.NS,0.003488883
0552.HK,0.001685095
ABT.N,0.281964108
JDEP.AS,0.00556831
LIND.NS,0.00174691
ICE.N,0.09794551
2883.HK,0.003114305
0220.HK,0.001425884
MTD.N,0.044259799
GRUMAB.MX,0.005181865
MSFT.OQ,4.074805517
JNJ.N,0.630134762
ASM.AD,0.000760394
TRMB.OQ,0.019887083
4483.T,0.00183907
DAST.PA,0.046646767
STO.AX,0.023397298
TTEF.PA,0.199869192
GOTO.JK,0.008574845
BIRG.I,0.017079985
GMEXICOB.MX,0.024639563
4272.T,0.002131853
SIGNC.S,0.014748158
4210.SE,0.002371094
600487.SH,0.000562613
300458.ZK,0.000234963
QIIB.QA,0.004903352
2229.T,0.002108068
002414.ZK,0.000517811
HLT.N,0.058689565
KMB.N,0.068681116
600905.SH,0.001965296
MEG.PS,0.000635474
300726.ZK,0.000246862
ABBV.N,0.367051507
SIEM.NS,0.006125861
6028.T,0.003937328
TAEE11.SA,0.00252492
CGPO.NS,0.005491926
ABC.AX,0.001179381
600176.SH,0.000816081
CMG.N,0.090063379
SATG.DE,0.001002706
HSX.L,0.007206099
NRG.N,0.012978207
1080.SE,0.007535277
600348.SH,0.000433108
2227.TW,0.000224447
BBNI.JK,0.006751371
9020.T,0.030300704
STE.N,0.03426029
600529.SH,0.00026554
WBC.AX,0.078451835
0659.HK,0.002470114
ORI.AX,0.007119924
MAXI.NS,0.003730859
RLXO.NS,0.001261872
AGL.AX,0.007329875
4021.T,0.008745872
GALP.LS,0.009539056
1691.HK,0.000298649
SAPG.DE,0.240850014
9987.T,0.002992716
MLM.N,0.043409685
DQ.N,0.003260632
0336.HK,0.000609742
AVGO.OQ,0.561619287
GM.N,0.082624168
INDUc.ST,0.006443672
3105.TWO,0.003457475
002085.ZK,0.000218927
7735.T,0.006834914
600395.SH,0.000201628
PMET.KL,0.005721552
ITUB3.SA,0.003532799
TLEVISACPO.MX,0.003615094
2884.TW,0.018635659
GENS.SI,0.006348272
BDO.PS,0.009199361
AGHOL.IS,0.000901123
0683.HK,0.001910257
1508.HK,0.000690793
601139.SH,0.000255409
BIOX.PA,0.006853715
AVB.N,0.04105971
MCO.N,0.086849184
ALU.AX,0.004574802
TCPJ.J,0.000299191
AAF.L,0.002250275
TCELL.IS,0.003002053
5706.T,0.001934169
MER.PS,0.002582027
SITES1A1.MX,0.001885537
PTTEP.BK,0.009612005
002099.ZK,0.000189769
PHG.AS,0.032331891
PGHN.S,0.036301769
ZBH.N,0.045023421
WTW.OQ,0.037039329
1812.T,0.010027232
CL.N,0.0947773
PKO.WA,0.013106546
600036.SH,0.00964305
SHW.N,0.096954448
MISC.KL,0.004144174
MOWI.OL,0.011410032
603392.SH,0.00043389
FLEX.OQ,0.019452971
600038.SH,0.000356484
2238.HK,0.002824374
600258.SH,0.000329502
069960.KS,0.000950621
CIMSA.IS,0.000440604
2002.TW,0.017705539
2883.TW,0.00956553
CLX.N,0.028988456
AKAM.OQ,0.021963564
PRY.MI,0.016590425
1988.HK,0.00355771
2345.TW,0.01030481
FMG.AX,0.037573262
3994.T,0.002813705
000720.KS,0.003283264
300017.ZK,0.000244444
600376.SH,0.000145266
AXFO.ST,0.004201743
FI.N,0.121100421
002001.ZK,0.000736204
6060.HK,0.003292306
OCDO.L,0.008352642
GAIL.NS,0.005333161
NLY.N,0.015301126
600029.SH,0.001221571
WOR.AX,0.006584981
000158.ZK,0.000168411
GFS.OQ,0.008050845
BLA.BK,0.000565988
MXSC.KL,0.002728039
CNC.N,0.055361782
TTEX.NS,0.004806688
GLEN.L,0.112820312
1083.HK,0.000822337
FRES.L,0.002310207
601216.SH,0.000456732
600704.SH,0.000374365
BEZQ.TA,0.004242885
LMT.N,0.156942749
9995.HK,0.00121564
300085.ZK,0.000122427
0177.HK,0.001662421
ROSNP.BX,0.003343839
2296.T,0.001010538
5108.T,0.035420485
EDEN.PA,0.024968445
BMED.MI,0.00353687
688012.SH,0.001273239
REDE.MC,0.011052046
9006.T,0.00351704
6981.T,0.051437259
SUN.NS,0.021564805
AV.L,0.021495768
MIN.AX,0.01283314
600079.SH,0.00059461
8369.T,0.005955535
CAPP.PA,0.048842154
ZION.OQ,0.007177385
900947.SS,0.000375247
009540.KS,0.006474383
0142.HK,0.001263542
300896.ZK,0.001103655
CMPC.SN,0.00368429
600745.SH,0.000863674
DCPJ.J,0.000782796
DANHOS13.MX,0.000475036
GCARSOA1.MX,0.005320059
601567.SH,0.000297579
AKRBP.OL,0.01244757
6988.T,0.01592861
600548.SH,0.000105898
047050.KS,0.002666386
SIAL.SI,0.010990496
C.N,0.139269843
BRPT.JK,0.001975788
8985.T,0.003552665
600848.SH,0.000322988
ARE.N,0.030506766
6383.T,0.009525317
000898.ZK,0.000246512
DRR.AX,0.002077538
002434.ZK,0.00017085
OTKAR.IS,0.000590858
NPNJn.J,0.053514869
2386.HK,0.000995067
CONG.DE,0.013135443
2914.T,0.039811329
SIME.KL,0.002440031
ULTA.OQ,0.035963601
XRO.AX,0.016623383
1303.TW,0.019460159
GRLS.MC,0.007299452
HUSQb.ST,0.005864036
600875.SH,0.000801346
MAVI.IS,0.000677986
NMDC.NS,0.002378832
600809.SH,0.003832228
XOM.N,0.624321164
300773.ZK,0.000235961
UU.L,0.012981836
0003.HK,0.013612969
IGO.AX,0.009579671
300015.ZK,0.002647796
EVDG.DE,0.0063636
603883.SH,0.000213779
601012.SH,0.0033232
LIN.N,0.287087185
TW.L,0.007609546
ALFAS.IS,0.000382285
5631.T,0.002032055
SOBIV.ST,0.005003891
8282.T,0.002017994
2890.TW,0.010020537
AMRT.JK,0.005244497
1888.HK,0.001546533
002056.ZK,0.000427338
HPQ.N,0.043111505
3402.T,0.012928659
200028.SZ,0.000202072
PINFRA.MX,0.003436597
SMDS.L,0.007382343
1880.HK,0.002315433
0998.HK,0.00652579
INWT.MI,0.007273344
600968.SH,0.000303059
IJMS.KL,0.001719329
002236.ZK,0.00108238
8253.T,0.00376484
4530.T,0.003057508
FBIN.N,0.014206051
ANTO.L,0.010397245
4521.T,0.001233439
MRCO.NS,0.005110255
2531.T,0.002227692
6409.TW,0.005786822
SIRI.OQ,0.005183194
6920.T,0.017532875
5830.T,0.002448785
ITAUCL.SN,0.001202855
INPST.AS,0.003471759
IDXX.OQ,0.068624517
002938.ZK,0.00030486
7701.T,0.01287546
REITIR.IC,0.000728093
ILU.AX,0.004892357
RHI.N,0.013507256
1368.HK,0.001734942
4164.SE,0.002878564
4005.T,0.007071452
9831.T,0.002738955
OGDC.PSX,0.000294318
UPLL.NS,0.006268033
600673.SH,0.000310787
1208.HK,0.001342874
CCU.SN,0.001733374
002081.ZK,0.000180307
VMW.N,0.051899172
002466.ZK,0.001492222
SGOB.PA,0.046267678
267250.KS,0.003000831
300003.ZK,0.000588486
TRYG.CO,0.010469342
SASY.PA,0.178821541
3383.HK,0.000363224
000069.ZK,0.000537435
603290.SH,0.000513284
2881.TW,0.023781813
5105.T,0.002063697
NESTE.HE,0.025645078
BSL.AX,0.009671852
601100.SH,0.001173486
352820.KS,0.00580788
OREP.PA,0.161740537
000961.ZK,8.64E-05
1288.HK,0.015779018
BDMN.JK,0.000232139
207940.KS,0.015606244
0001.HK,0.024480321
CCOLA.IS,0.001049547
ENX.PA,0.008658418
AMAT.OQ,0.185785938
DWL.L,0.003273357
SCIL.SI,0.005789881
3532.TW,0.000503366
0489.HK,0.001961216
300601.ZK,0.000433814
600690.SH,0.002137191
SY1G.DE,0.021411661
MKTX.OQ,0.014482226
HELr.AT,0.000356953
UMG.AS,0.027911869
002064.ZK,0.000407449
SGP.AX,0.010129588
6273.T,0.04655572
002268.ZK,0.000341865
RGN.AX,0.002818529
REP.MC,0.028216677
TMUS.OQ,0.114527748
002203.ZK,0.000279799
601398.SH,0.005196438
7205.T,0.001706647
TOASO.IS,0.001687591
MRPL.NS,0.000328321
GFNORTEO.MX,0.03891674
2060.SE,0.001979615
PRIO3.SA,0.009201199
2651.T,0.003574881
JCI.N,0.072642367
IPL.AX,0.005954176
BASGZ.IS,0.000115429
603369.SH,0.000992548
HELN.S,0.007755048
VCX.AX,0.007450564
600019.SH,0.001591977
VENM.SI,0.004504639
DANSKE.CO,0.025328508
0991.HK,0.000785661
000537.ZK,0.000355617
HLBB.KL,0.003903985
ZM.OQ,0.027193581
BWA.N,0.016200939
600873.SH,0.000389681
ORCL.N,0.279675508
PME.AX,0.002862579
MULTIPLY.AD,0.006455569
STAN.L,0.032172103
1944.T,0.002634896
002353.ZK,0.000404977
HARJ.J,0.003928154
TIMS3.SA,0.003560734
QEWC.QA,0.003433208
112040.KQ,0.000795603
1308.HK,0.00375077
BATA.NS,0.002015233
377300.KS,0.001303652
2196.HK,0.002169334
6862.HK,0.005486765
603260.SH,0.000648186
CTSH.OQ,0.05348866
300496.ZK,0.000590533
PERP.PA,0.069920884
KRDMD.IS,0.00095198
1808.T,0.005038002
SLF.TO,0.046301198
NMDC.AD,0.00181896
002648.ZK,0.000795877
ITRK.L,0.013195937
MET.N,0.058460176
4003.SE,0.001325577
BURL.N,0.016981349
MRK.N,0.409870779
600167.SH,0.000140158
MDKA.JK,0.005944486
EXOR.AS,0.014663072
FPH.NZ,0.013271192
002444.ZK,0.000399232
ALV.N,0.012263567
GNRC.N,0.013326625
GMRI.NS,0.002007844
CVX.N,0.40489296
601336.SH,0.001233273
009150.KS,0.010481025
300568.ZK,0.000318047
002092.ZK,0.000257373
HOTG.DE,0.002853172
RR.L,0.024433554
ITX.MC,0.062745275
8069.TWO,0.009714979
SALM.OL,0.004140611
2319.HK,0.016697989
ADP.PA,0.007166779
1171.HK,0.004974946
9003.T,0.002083012
STMPA.PA,0.052175529
EREGL.IS,0.003529797
MS.N,0.168345509
MABK.KW,0.002746479
HONE.NS,0.001779568
011170.KS,0.00330063
IQTr.AT,0.000295356
EQNR.OL,0.041870065
VIVT3.SA,0.005613073
2269.HK,0.028337216
2727.HK,0.001014031
JMAT.L,0.006545305
RNR.N,0.014948091
GETP.PA,0.009625514
YSG.N,0.000647786
DLN.L,0.004530922
TLC.AX,0.01179762
CPB.N,0.013055879
2678.T,0.00088293
8473.T,0.007571943
601390.SH,0.002335297
RECM.NS,0.003712083
PSSA3.SA,0.001688917
000543.ZK,0.000227357
OYAKC.IS,0.000882206
CB.N,0.121145614
MPARK.IS,0.000375939
000060.ZK,0.000293223
601872.SH,0.000772767
WB.OQ,0.001451479
FCX.N,0.087894883
1911.T,0.005111286
ENEI.MI,0.08348898
CZG.PR,0.000322919
601377.SH,0.000809692
9090.T,0.000861041
6201.T,0.017735339
300661.ZK,0.000598141
FAST.OQ,0.049356179
MBGn.DE,0.106642836
AMA.MC,0.051190419
6856.T,0.003456882
MCY.NZ,0.004171314
1605.T,0.017131987
BFRG.NS,0.004073218
010060.KS,0.001782471
REMJ.J,0.006759281
ALLFG.AS,0.003170061
000062.ZK,0.000168551
AD.AS,0.050503737
BCI.SN,0.002701864
FIBRAPL14.MX,0.002989755
7966.T,0.001184547
603688.SH,0.000499951
600566.SH,0.000172719
603501.SH,0.00127992
1605.TW,0.005004816
WHC.AX,0.00526693
IFL.AX,0.001836336
MSI.N,0.073125094
SCOR.PA,0.007231519
000630.ZK,0.000483306
000012.ZK,0.000171941
066575.KS,0.001103738
002311.ZK,0.001203914
600150.SH,0.002118558
CPU.AX,0.013332624
SSABb.ST,0.00737417
EW.N,0.084331697
600729.SH,0.000206765
CCH.L,0.009150744
HEIO.AS,0.018350732
GL9.I,0.004154062
300957.ZK,0.000251211
2670.T,0.002248954
CAPN.SI,0.009946664
ASOK.NS,0.004618651
003022.ZK,0.000247822
LIGHT.AS,0.005930578
AME.N,0.055620637
BALN.S,0.010567891
0384.HK,0.004765571
0440.HK,0.000675245
CDAY.N,0.016135942
1209.HK,0.004067995
002155.ZK,0.000230402
601058.SH,0.000544249
ATCOa.ST,0.058043508
8830.T,0.015302888
600582.SH,0.000292842
FFH.TO,0.024534832
601865.SH,0.000314449
6326.T,0.024058027
KCAER.IS,0.000139104
BLD.AX,0.001508526
2875.T,0.005996352
PFE.N,0.311860387
PROX.BR,0.001704475
RAND.AS,0.009821156
4902.T,0.002464532
7951.T,0.008789126
BIIB.OQ,0.060565413
2020.HK,0.02065862
5019.T,0.007358109
DWNG.DE,0.001831778
3880.T,0.000997647
7270.T,0.01666477
086280.KS,0.004199278
2082.SE,0.010226896
JD.L,0.007547424
EXPN.L,0.05473328
0551.HK,0.001493024
000708.ZK,0.001189402
1973.T,0.001445918
SIEGn.DE,0.179616748
2502.T,0.029047753
TAMO.NS,0.020954794
9888.HK,0.063176746
DANO.PA,0.059145352
NG.L,0.074248121
BDEV.L,0.00826607
PGAS.KL,0.003242951
GIVN.S,0.041724144
DIFu.BK,0.002438048
GGRM.JK,0.001310192
1766.HK,0.003394437
ERICa.ST,0.000303939
688707.SH,0.000129308
BEN.AX,0.005358097
003035.ZK,0.000271363
BILL.N,0.021149591
GGAS.NS,0.001736676
001872.ZK,0.000141676
GARAN.IS,0.001194288
KOZAL.IS,0.001454148
PSN.L,0.00691697
0215.HK,0.000294617
CHKP.OQ,0.018239683
097955.KS,0.000208594
300002.ZK,0.000313246
HUM.N,0.08383724
SAWAD.BK,0.001285881
601636.SH,0.000239305
4587.T,0.001826006
282330.KS,0.001639606
600011.SH,0.000976964
300482.ZK,0.000158458
WDC.OQ,0.018697523
002920.ZK,0.001161114
301267.ZK,0.000178607
BRGR.NS,0.003066611
GFINBURO.MX,0.007677143
6762.T,0.021589605
002390.ZK,0.000131706
036460.KS,0.000780311
002429.ZK,0.000372643
8316.T,0.089643514
KO.N,0.359288587
5110.SE,0.007211661
STT.N,0.034689803
2801.T,0.015877734
SCB.BK,0.008366772
QRVO.OQ,0.016190118
SBI.NS,0.019653181
5947.T,0.003568395
DXS.AX,0.009001851
DLR.N,0.05191335
010130.KS,0.005710003
4733.T,0.001686047
APA.AX,0.012048999
AXP.N,0.16041875
9010.T,0.001318634
1528.HK,0.000348206
UBIP.PA,0.004395031
WDPP.BR,0.007251831
JSTL.NS,0.014678008
RDFJ.J,0.001919659
000027.ZK,0.000462132
004990.KS,0.000791076
000828.ZK,0.000143028
PIDI.NS,0.007511992
MAPI.SI,0.004973448
APLA.NS,0.004276782
MUTT.NS,0.002562858
6488.TWO,0.005628622
MTS.AX,0.003627329
INDF.JK,0.003276868
ALLI.KL,0.001253478
002180.ZK,0.000707382
TPL.N,0.012570282
600567.SH,0.000155014
601168.SH,0.000406839
OTPB.BU,0.0132613
2388.HK,0.015954707
BEAN.S,0.006972932
ICIL.NS,0.006046357
9022.T,0.034007219
CEG.OQ,0.047566833
6976.T,0.005844035
600635.SH,0.000123633
002340.ZK,0.000530339
600298.SH,0.000454937
MRTI.NS,0.023766389
SOON.S,0.021251468
1898.HK,0.002342345
DOHOL.IS,0.000601084
600570.SH,0.001065739
ZBRA.OQ,0.024391242
HRMr.AT,0.001367458
EMAM.NS,0.001599954
000651.ZK,0.001112877
300296.ZK,0.000247674
7518.T,0.002720972
600519.SH,0.032156708
QSR.TO,0.036464534
EMN.N,0.01587378
300869.ZK,4.65E-05
603056.SH,8.69E-05
600183.SH,0.000561052
KPG.NZ,0.001387324
BXB.AX,0.020250084
ITUB4.SA,0.043303323
8303.T,0.001649077
RF.N,0.027936014
0285.HK,0.004053006
603486.SH,0.000626397
6160.HK,0.014307318
ADAW.NS,0.001183036
601666.SH,0.000263855
1801.T,0.009634041
NESN.S,0.495517947
9696.HK,0.001016148
600377.SH,0.000261656
PCGB.KL,0.005981912
OKE.N,0.04375828
VOPA.AS,0.003942135
HMb.ST,0.017835119
DIAL.KL,0.003057363
1030.HK,0.000690409
PUBP.PA,0.028818661
CG.OQ,0.011178178
BRYAT.IS,0.000472067
SMRTG.IS,0.000410308
CTPNV.AS,0.002119902
047040.KS,0.001032354
0338.HK,0.000778975
000598.ZK,0.000245319
SPX.L,0.015767412
EXXJ.J,0.003405397
6415.TW,0.005487204
6178.T,0.023322399
WMT.N,0.336006684
EDV.L,0.006955742
5929.T,0.004021107
KEYS.N,0.045881842
603806.SH,0.00051238
2317.TW,0.06571434
002407.ZK,0.000308625
DTGGe.DE,0.027440926
1860.T,0.001922815
002384.ZK,0.000612037
8439.T,0.003483461
603816.SH,0.000477496
601811.SH,7.76E-05
026960.KS,0.000701636
300033.ZK,0.001328883
INVEa.ST,0.014830213
ADML.L,0.0119858
8952.T,0.008121948
600170.SH,0.000275048
3908.HK,0.00401417
600688.SH,0.000268892
SOKM.IS,0.000573537
AMR.AD,0.004633058
000685.ZK,0.000169208
600547.SH,0.001373254
8210.SE,0.005542675
2280.SE,0.006463558
PUMG.DE,0.009875861
FMC.N,0.018159059
CVE.TO,0.03634425
3197.T,0.004348896
QNBK.QA,0.029183722
URC.PS,0.003230734
0670.HK,0.000871121
000767.ZK,0.000140015
THYAO.IS,0.006691365
900912.SS,0.000264237
8593.T,0.006105784
7733.T,0.030249925
GPT.AX,0.008375062
COMI.CA,0.005528281
ZG.OQ,0.004498043
688516.SH,0.000326965
PRU.N,0.052350122
LHCJ.J,0.002444528
PNC.N,0.079047714
BBRI.JK,0.040105538
OKTA.OQ,0.016188561
600000.SH,0.003223023
FIBI.TA,0.003501759
002532.ZK,0.000174232
OZKGY.IS,0.000178992
MCHP.OQ,0.076418391
SPGI.N,0.206095443
RTO.L,0.030959941
BIO.N,0.012296346
0288.HK,0.006163329
603225.SH,0.000130059
600612.SH,0.000299954
4921.T,0.001914156
000039.ZK,0.000247372
600256.SH,0.00066242
138930.KS,0.002230811
042660.KS,0.002671013
9076.T,0.003158443
PXD.N,0.074822646
000100.ZK,0.001233319
COPEC.SN,0.005745156
300558.ZK,0.000115241
000600.ZK,0.000109949
2377.TW,0.006497711
INTUCH.BK,0.00298661
600498.SH,0.000334102
601158.SH,0.000153825
0345.HK,0.001504211
6724.T,0.006341497
LUMI.TA,0.019271323
002294.ZK,0.000476465
COFO.NS,0.003869241
6963.T,0.012441545
7201.T,0.011852476
T.TO,0.013100672
ENLT.TA,0.003486562
000660.KS,0.076675663
002373.ZK,0.000200447
601825.SH,0.000283536
7182.T,0.017974503
RXL.PA,0.009057348
KGH.WA,0.006153001
CPG.L,0.072684934
ITW.N,0.117521434
KRDMA.IS,0.00026557
300166.ZK,0.000175851
ERICb.ST,0.022067722
OILI.NS,0.001569566
SSWJ.J,0.007843305
000400.ZK,0.000353883
002643.ZK,0.000249045
FSRJ.J,0.030323241
GUBRF.IS,0.001298606
001965.ZK,0.000300983
000729.ZK,0.00047659
4927.T,0.001685433
HEKTS.IS,0.002062661
1516.HK,0.000274698
SIS_p.CN,0.000408501
0152.HK,0.001892181
6592.T,0.002114157
CM.TO,0.058944833
F.N,0.084661707
000100.KS,0.003666168
0308.HK,0.000795354
EBAY.OQ,0.039069181
1776.HK,0.002262927
0966.HK,0.002205494
000021.ZK,0.000495068
8919.T,0.001415751
EURBr.AT,0.00711093
6367.T,0.083187953
247540.KQ,0.017974847
QHOLDING.AD,0.002126053
3038.T,0.005801341
2331.HK,0.018339963
FORTUM.HE,0.008951473
6925.T,0.002300116
4188.T,0.011527291
002129.ZK,0.001815076
2127.T,0.003062911
5020.T,0.015046654
LGEN.L,0.026794769
AGLT.KW,0.005059715
002958.ZK,8.08E-05
QRES.KL,0.001920183
9065.T,0.00249361
SMPH.PS,0.009833444
7180.T,0.002643402
6837.HK,0.003307447
ADEA.OL,0.002851017
LEN.N,0.049590309
006360.KS,0.001092113
GEBN.S,0.027659277
DASA3.SA,0.00029518
SCHA.OL,0.002316375
SCGP.BK,0.002080493
CRH.L,0.064612561
ELS.N,0.017827682
6807.T,0.001488564
1658.HK,0.008191593
3050.SE,0.001408027
CARLb.CO,0.021516435
VTR.N,0.028942125
OR.BK,0.002649733
300595.ZK,0.000414566
EMR.N,0.079779849
SMIN.L,0.011429078
HLE.DE,0.002852993
2250.SE,0.003758058
5463.T,0.002102286
1024.HK,0.029196804
1876.HK,0.0060387
9961.HK,0.029829862
010950.KS,0.003403963
EMTK.JK,0.002160589
1803.T,0.005264813
7259.T,0.008496325
2204.TW,0.001083978
IGM.TO,0.00392268
5021.T,0.003561572
BOB.NS,0.003805621
600998.SH,0.000409884
PTBA.JK,0.001123729
603659.SH,0.001157565
3309.T,0.003815696
SHPJ.J,0.009778584
SATS.SI,0.00260802
ISMEN.IS,0.000525657
361610.KS,0.002854301
4716.T,0.00367047
HDFA.NS,0.004432627
OMC.N,0.029400892
1193.HK,0.00443293
1020.SE,0.002988522
1111.SE,0.003839386
IEX.N,0.024143319
UNBK.NS,0.001739881
POW.TO,0.023459093
SHOP.TO,0.116807211
UHR.S,0.014291549
KHC.OQ,0.0434258
HZNC.NS,0.001383612
UNP.N,0.197381328
EQTAB.ST,0.011623031
MUVGn.DE,0.079408769
AJG.N,0.06932344
BLOOM.PS,0.00106162
MRDI.KL,0.00129775
VLOF.PA,0.007571119
002948.ZK,0.000166195
HWDN.L,0.007139082
HALC.NS,0.011638284
251270.KS,0.001295002
LNT.OQ,0.020268025
9468.T,0.003455843
2049.TW,0.003049449
4904.TW,0.005592799
300782.ZK,0.000869357
300294.ZK,0.000251596
CAP.SN,0.000862029
SPOT.N,0.038315531
ACS.MC,0.010835413
SUZB3.SA,0.009963248
1COV.DE,0.015256146
LLY.N,0.581548938
ANE.MC,0.002855204
0867.HK,0.002884991
000568.ZK,0.004862083
VALE3.SA,0.083167422
4958.TW,0.003319215
VIE.PA,0.031662044
600970.SH,0.000494691
DFS.N,0.04695297
004000.KS,0.00116158
601919.SH,0.001862815
REG.OQ,0.016508167
SCMA.JK,0.00031099
603568.SH,0.000171487
ACN.N,0.310290032
2318.HK,0.061967979
0772.HK,0.002484388
DOCU.OQ,0.016570482
3529.TWO,0.007264972
3759.HK,0.001033481
000338.ZK,0.001282096
6965.T,0.009726363
300122.ZK,0.001642175
TACN.NS,0.009720094
SECUb.ST,0.006345399
300760.ZK,0.005366732
603345.SH,0.000655043
900909.SS,0.000159032
3045.TW,0.007983054
EVOG.ST,0.036906095
BHEL.NS,0.002261054
SAND.ST,0.033614744
INCY.OQ,0.017300091
600985.SH,0.000413948
LDOS.N,0.01876745
ISA.CN,0.002911889
ICAG.L,0.003419723
000661.ZK,0.0008598
CLN.S,0.00545378
BERA.IS,0.000452501
1301.TW,0.015203369
TXN.OQ,0.25394816
3396.HK,0.000747314
AKE.PA,0.009044204
WY.N,0.038481329
0135.HK,0.004308637
002603.ZK,0.000606212
MNCN.JK,0.000419653
SOIT.PA,0.007129413
BRFS3.SA,0.002224987
1772.HK,0.004095625
PNW.N,0.014218776
CEN.NZ,0.006165139
ISRG.OQ,0.188793311
2050.SE,0.0042538
8015.T,0.017788765
SOMA3.SA,0.001511734
RSW.L,0.002674872
4203.T,0.002020046
EXID.NS,0.002112935
DASH.N,0.03906218
ZURN.S,0.107773751
600062.SH,0.000259157
ELET6.SA,0.0037467
006800.KS,0.002178037
4506.T,0.001182316
MICP.PA,0.033216009
HAGA.IC,0.000846266
600141.SH,0.00041972
300919.ZK,0.000590408
263750.KQ,0.002302195
ADSGn.DE,0.049025489
011790.KS,0.002197048
EDV.AX,0.008093002
SAGAb.ST,0.005737567
BSX.N,0.11547007
DXCO3.SA,0.000800182
300888.ZK,0.000133548
FATTAL.TA,0.001039887
0144.HK,0.003031386
RATB.NS,0.001806549
DCC.L,0.008770243
300133.ZK,0.000192082
GPC.N,0.035708679
7202.SE,0.003757018
PGRD.NS,0.014082935
GBKK.KW,0.002545259
3382.T,0.049941233
DOV.N,0.031917086
002936.ZK,0.000221708
7741.T,0.061281923
1385.HK,0.001125437
002670.ZK,0.00026165
SMTO3.SA,0.001708479
605499.SH,0.000380433
GEN.OQ,0.01620127
603866.SH,8.10E-05
CBKG.DE,0.019858814
ASRNL.AS,0.009970697
3405.T,0.005005575
PTC.OQ,0.024283774
PHOE1.TA,0.002654957
PANW.OQ,0.112773526
VACN.S,0.017121142
1050.SE,0.010750409
MGROS.IS,0.001280171
METSO.HE,0.012649878
NOC.N,0.096494086
4516.T,0.003085111
PRTP.PA,0.060706142
6723.T,0.036252746
2412.TW,0.021505423
BION.NS,0.002248344
032640.KS,0.002667799
QIA.DE,0.015334483
000686.ZK,0.000254212
600648.SH,0.000119695
USIM5.SA,0.001084132
CEZP.PR,0.010180043
7911.T,0.009041501
5832.T,0.001604239
018880.KS,0.001765108
6268.T,0.003803286
1810.SE,0.001649005
FMEG.DE,0.016935634
PKN.WA,0.015058583
688188.SH,0.000416425
NXT.L,0.01702302
CAPS.SI,0.002708196
ATM.NZ,0.003774513
KC.OQ,0.001013529
9433.T,0.074279716
HEPr.AT,0.000776158
BOUY.PA,0.011022851
ORDS.QA,0.004002222
603444.SH,0.000396585
HFGG.DE,0.006294197
200539.SZ,0.000386468
LBTYA.OQ,0.004700906
688599.SH,0.001186709
300672.ZK,0.000265926
SHL.AX,0.016553039
INCO.JK,0.001307535
GOAU4.SA,0.002733666
600415.SH,0.000689621
BMWG.DE,0.057242473
3020.SE,0.001451841
LSXMA.OQ,0.003930058
TTKOM.IS,0.000645329
CSL.AX,0.132557023
PPL.N,0.029567181
601888.SH,0.003322062
YESB.NS,0.006491524
UTDI.DE,0.001808134
CBA.AX,0.180043142
KCHOL.IS,0.005216151
9107.T,0.009509063
002608.ZK,0.000131
CTEC.L,0.006731106
ISB.IC,0.001473152
HD.N,0.488559326
PERS.NS,0.0046403
CAPD.SI,0.010987031
CMIG3.SA,0.001872571
600563.SH,0.000453303
4528.T,0.011597
0010.HK,0.001952604
002299.ZK,0.000381587
600007.SH,0.000206329
7956.T,0.002278621
SEK.AX,0.008864406
NEE.N,0.222133364
FAB.AD,0.025192282
CHRH.CO,0.011830095
ISGYO.IS,0.000318712
MVNE.TA,0.002558539
BOPr.AT,0.004101371
TENR.MI,0.011528213
8628.T,0.000891662
7988.T,0.003578465
601658.SH,0.001626611
603638.SH,0.000236567
688111.SH,0.00296768
WFC.N,0.262483615
2887.TW,0.010842028
601375.SH,0.000193632
2885.TW,0.014192381
ROONE.BX,0.000493727
CPIN.JK,0.003948863
GFCP.PA,0.008668763
9024.T,0.003302264
601995.SH,0.00050276
002217.ZK,0.000143614
ROG.S,0.331574015
SARKY.IS,0.000498763
LSG.OL,0.001593283
HVN.AX,0.002268212
2002.T,0.00473382
ARCLK.IS,0.000849566
002839.ZK,4.92E-05
601326.SH,9.82E-05
EXPD.OQ,0.028801162
600845.SH,0.000853214
FICO.N,0.031115349
6758.T,0.178959122
EUREN.IS,0.000142989
RO.S,0.01488145
336370.KS,0.000540276
EL.N,0.065869672
ABX.TO,0.047156207
EICH.NS,0.008647468
GDDY.N,0.018332597
SHBb.ST,0.00061002
601868.SH,0.001132339
BHP.AX,0.234698289
2314.HK,0.000703962
FOX.OQ,0.006512573
SU.TO,0.058940799
DHG.AX,0.000991315
CBOE.Z,0.022438268
011780.KS,0.00257495
DNP.WA,0.008739215
4220.SE,0.001351439
TEL.N,0.068979499
4676.T,0.000752227
SLCE3.SA,0.001386962
3996.HK,0.000871586
601717.SH,0.000279899
CPRT.OQ,0.061061052
000723.ZK,0.000503352
CSR.AX,0.002726307
9064.T,0.009409342
HUBS.N,0.039036769
5401.T,0.026819238
SLHN.S,0.028726564
SSABa.ST,0.002755887
WLK.N,0.006290991
8136.T,0.003676255
6971.T,0.025558541
SATG_p.DE,0.013184594
SEBc.ST,0.000403554
2451.TW,0.001014309
1402.TW,0.005786971
TELIA.ST,0.008792101
002500.ZK,0.000306166
601229.SH,0.001247551
GE.N,0.183369869
000155.ZK,0.000321497
WIPR.NS,0.011449192
601808.SH,0.000391547
002850.ZK,0.000418298
018260.KS,0.005784619
6186.HK,0.003414761
AZO.N,0.070676399
ASHG.TA,0.000889347
CVS.N,0.141007969
9698.HK,0.002055744
MAPL.SI,0.006484784
601018.SH,0.000323402
4503.T,0.039822651
002244.ZK,0.000367047
CABK.MC,0.024932266
KIOJ.J,0.002064775
900902.SS,0.000137102
600325.SH,0.000290987
MT.AS,0.020061698
3003.T,0.005421256
300383.ZK,0.000279918
300073.ZK,0.000367038
SBRY.L,0.009572065
KYGa.I,0.023495758
CHDRAUIB.MX,0.004027256
0522.HK,0.004954419
688185.SH,9.53E-05
SIPL.KL,0.005288273
128940.KS,0.002446363
REL.L,0.096386135
603000.SH,0.00053723
9432.T,0.050471769
RS1R.L,0.006921176
NFLX.OQ,0.317093965
MAA.N,0.026803971
HALKB.IS,0.000403018
OCI.AS,0.003927
6952.T,0.002747305
000959.ZK,0.000408669
DHLn.DE,0.074034616
000066.ZK,0.000622144
6141.T,0.002795459
002422.ZK,0.0006073
UI.N,0.001134401
LPLA.OQ,0.027769466
601298.SH,0.000158908
300850.ZK,0.000152919
ON.OQ,0.068809511
VBBR3.SA,0.006095683
002563.ZK,9.12E-05
6728.T,0.003227447
5274.TWO,0.003814229
000517.ZK,7.69E-05
7203.T,0.294107657
9042.T,0.010703958
EMPOWER.DU,0.001602491
CMLT.SI,0.011653013
WDAY.OQ,0.06876894
029780.KS,0.001046477
JCDX.PA,0.002177586
ISCTR.IS,0.002437338
WPM.TO,0.030905399
300748.ZK,0.000111322
CCEP.OQ,0.019855345
600188.SH,0.000543692
8053.T,0.03573981
8967.T,0.002967177
INVES.IS,0.000552289
4300.SE,0.003531738
VOLT.NS,0.003263393
601169.SH,0.001441975
ES.N,0.037888335
CEMEXCPO.MX,0.017293497
BASFn.DE,0.071026703
IMPJ.J,0.009561004
ADNOCDRILL.AD,0.002517488
HSBA.L,0.248535919
MGR.AX,0.009518987
TOTS3.SA,0.004130045
300316.ZK,0.001269806
180640.KS,0.001736745
PLTR.N,0.051549061
6361.T,0.006933636
TRGP.N,0.026699542
2892.TW,0.014501973
601009.SH,0.001240308
000591.ZK,0.000382785
3060.SE,0.001284476
3993.HK,0.003516237
0754.HK,0.000992839
ARBN.NS,0.003710757
PSX.N,0.070964731
IMO.TO,0.01333368
ENB.TO,0.112927463
KGX.DE,0.004486587
DUK.N,0.106716303
TDY.N,0.02898923
4681.T,0.001556484
ROCKb.CO,0.00359972
002966.ZK,0.000130758
KNEBV.HE,0.026525158
CTDM.SI,0.00374691
600089.SH,0.001245343
SEIC.OQ,0.00973851
JHX.AX,0.018501832
6305.T,0.004607513
002019.ZK,0.000254856
CFR.S,0.128936124
600096.SH,0.000493872
UNSP.NS,0.005150486
6370.T,0.006684469
000776.ZK,0.001305216
ELISA.HE,0.011996263
2381.SE,0.001736308
006400.KS,0.044267013
ORBIA.MX,0.003393784
8331.T,0.006024103
LART.NS,0.031679558
IFC.TO,0.039694223
TAVHL.IS,0.001029914
4581.T,0.002618523
SGRO.L,0.017891141
INUS.NS,0.002629116
6586.T,0.010708727
4543.T,0.031346733
2600.HK,0.00270195
TRPL4.SA,0.001487086
9501.T,0.008580106
MYTr.AT,0.006062409
BT.L,0.016855786
BMY.N,0.198502699
SASA.IS,0.002808865
BAYGn.DE,0.086523505
STX.OQ,0.018039208
ZI.OQ,0.013739691
0639.HK,0.000792571
603456.SH,0.000312268
8802.T,0.020350034
EONGn.DE,0.043276998
ENELCHILE.SN,0.002713915
YNLG.SI,0.000568904
TUYA.N,0.000560824
2778.HK,0.001002429
DBSM.SI,0.068038754
7010.SE,0.03324161
OYYAT.IS,0.00027077
KPLM.SI,0.010964392
601688.SH,0.00159262
601111.SH,0.001188315
2702.T,0.005221868
LKQ.OQ,0.023570981
UOBH.SI,0.038777409
8795.T,0.011593105
FREG.DE,0.018746971
CUMM.NS,0.004804054
601319.SH,0.000955736
1375.HK,0.000223127
CAG.N,0.023301992
IFF.N,0.031985826
LEGD.PA,0.041968292
PETR4.SA,0.051303405
SEDG.OQ,0.02328193
ICIR.NS,0.004086637
CPN.BK,0.008092435
AIBG.I,0.008694025
SUI.N,0.02456641
EOG.N,0.109874626
2039.HK,0.00063485
COL.MC,0.003181662
ESLT.TA,0.008045706
139130.KS,0.001330887
SAHOL.IS,0.002915299
CPLE6.SA,0.003352277
8010.SE,0.003893483
ABDN.L,0.008814133
XYL.N,0.0400303
4061.T,0.00253355
INLJ.J,0.002554667
BKWB.S,0.004836617
5713.T,0.012328607
002945.ZK,0.000188986
AVIJ.J,0.001920474
CLSJ.J,0.005353888
AMXB.MX,0.045729071
MWDP.PA,0.004247737
3626.T,0.00888801
4704.T,0.008265528
1717.TW,0.001473391
IQ.OQ,0.003379244
8TRA.DE,0.001650911
7747.T,0.005904207
IBE.MC,0.116099839
ISDMR.IS,0.0002936
TTD.OQ,0.059381633
BKOM.PR,0.003803144
0101.HK,0.004012255
601966.SH,0.000302677
2327.TW,0.009394785
600885.SH,0.000244995
1590.TW,0.007298614
TROW.OQ,0.040188899
GF.S,0.009863876
4613.T,0.00436053
8570.T,0.001555315
BLK.N,0.167284804
6902.T,0.045515525
1579.HK,0.00150799
1513.HK,0.000742696
SBIL.NS,0.010266989
ANZ.AX,0.077980791
APA.OQ,0.017884395
BIDJ.J,0.012102738
4151.T,0.007305449
KOG.OL,0.005024237
2206.T,0.002047539
688116.SH,0.000144707
HST.OQ,0.019020103
MA.N,0.508784282
TRGYO.IS,0.000180301
3969.HK,0.000890112
028260.KS,0.010372228
9531.T,0.014210665
200625.SZ,0.001105754
1925.T,0.025974908
CSU.TO,0.06176412
PATH.N,0.010424172
MTEL.BU,0.000695525
6869.T,0.019443924
ARGX.BR,0.041747816
HWM.N,0.028918746
GENA.NS,0.000339516
6701.T,0.019419008
MTC.BK,0.001115777
000739.ZK,0.000291562
601456.SH,0.000287403
002038.ZK,0.000149902
PUBM.KL,0.018857353
456040.KS,0.001067138
007070.KS,0.001011451
WST.N,0.043318302
601238.SH,0.000528633
138040.KS,0.005392599
QBE.AX,0.023449442
NUF.AX,0.002122391
PLNG.NS,0.00312559
688180.SH,0.00044161
4190.SE,0.003871576
2186.HK,0.001309497
RNIJ.J,0.005023964
SPLK.OQ,0.026768245
CRDI.MI,0.069937609
300832.ZK,0.000248425
6460.T,0.005293417
CPRI.MI,0.010765709
6861.T,0.144537672
000671.ZK,2.28E-05
600380.SH,0.000354587
YANZ.SI,0.000930789
IOIB.KL,0.003187432
BAC.N,0.325686612
2618.TW,0.004687045
300373.ZK,0.000348358
139480.KS,0.001781003
2880.TW,0.011063702
4088.T,0.003708056
ALL.N,0.04129103
6504.T,0.008286113
DOL.TO,0.027709496
TTRAK.IS,0.000712079
CZR.OQ,0.017635664
2379.TW,0.009762919
0873.HK,0.000225693
MTB.N,0.033924284
1833.HK,0.00206513
ARPT.TA,0.001517895
2175.T,0.001516964
6030.HK,0.006193381
2609.TW,0.003976368
4901.T,0.032005452
0696.HK,0.002468222
IHTL.NS,0.00597288
MNG.L,0.008300536
2587.T,0.006907139
601222.SH,0.000245503
NVMI.TA,0.005167397
ADBE.OQ,0.371423168
MGM.N,0.022768613
002368.ZK,0.000397366
5876.TW,0.008280441
3481.TW,0.006502298
WHR.N,0.012625347
KLAC.OQ,0.101120412
ICLR.OQ,0.0304644
ITPG.MI,0.006805961
DLPA.NS,0.001534985
TJX.N,0.149368785
2802.T,0.028779977
6098.HK,0.003487555
PSON.L,0.012082273
AHGAZ.IS,0.000405242
3064.T,0.004510721
007310.KS,0.000650107
600588.SH,0.000965647
002287.ZK,6.72E-05
002607.ZK,0.000151481
IP.N,0.016526841
MLSR.TA,0.0026291
ROTLV.BX,0.004451427
2354.TW,0.003114391
300676.ZK,0.000123782
002738.ZK,0.000505005
600516.SH,0.000360717
APTV.N,0.044882892
0688.HK,0.012007753
0347.HK,0.000553766
FLT.AX,0.00331299
SAF.PA,0.082113245
HPCL.NS,0.00327656
PWR.N,0.043672031
300124.ZK,0.001713494
BPI.PS,0.005829204
BRAP4.SA,0.001812221
WRT1V.HE,0.008740067
DALB.NS,0.003120743
FSNE.NS,0.003644632
T.N,0.146659108
002831.ZK,0.00024626
600460.SH,0.000649532
ECILC.IS,0.000353958
600383.SH,0.000454806
0027.HK,0.022671093
0973.HK,0.001539949
AALB.AS,0.006378088
068270.KS,0.019922072
TRV.N,0.060025122
APLH.NS,0.009516481
2454.TW,0.04998176
7476.T,0.001431487
002128.ZK,0.000452971
002475.ZK,0.003638249
ELE.MC,0.010490634
2105.TW,0.003529236
600299.SH,0.000126806
601066.SH,0.001845486
TPG.AX,0.001858806
HOLMb.ST,0.005765294
002440.ZK,0.000116416
6645.T,0.016943546
002050.ZK,0.000425776
383220.KS,0.002177701
ATCOb.ST,0.0299344
5233.T,0.003377175
1398.HK,0.055031168
ARIJ.J,0.001820393
KAREL.IS,0.000145035
3249.T,0.00324092
MHK.N,0.009045153
601788.SH,0.000952571
4004.T,0.00442648
NICE.TA,0.020806948
5802.T,0.014048659
ENRG.TA,0.001452169
LBRDK.OQ,0.015053515
RMV.L,0.008781209
XRAY.OQ,0.013040546
FER.MC,0.023776918
688005.SH,0.000344154
BNPP.PA,0.108764895
002841.ZK,0.000231832
3769.T,0.005032437
INID.NS,0.001080172
024110.KS,0.003331918
9783.T,0.001404825
HUH1V.HE,0.004981929
2912.TW,0.007851725
7013.T,0.005105619
FUNO11.MX,0.006567225
0023.HK,0.002175857
AALI.JK,0.00031091
600085.SH,0.001057219
CINF.OQ,0.023301335
3099.T,0.005458023
MAERSKb.CO,0.014651605
002183.ZK,0.000199886
G24n.DE,0.007414629
600741.SH,0.000857266
010140.KS,0.006423754
9008.T,0.005402869
AIG.N,0.066308406
INED.NS,0.006663923
HEIG.DE,0.01722589
0902.HK,0.004011031
002698.ZK,0.000264892
015760.KS,0.006204744
NZYMb.CO,0.015260719
600282.SH,0.000314204
8012.T,0.002650676
9142.T,0.005202327
0836.HK,0.006545933
SLIN.NS,0.001664721
BMWG_p.DE,0.010043877
9999.HK,0.059060623
CAST.ST,0.007099999
2007.HK,0.003494325
KOJAMO.HE,0.002959327
600332.SH,0.000653845
601211.SH,0.001620191
NRPJ.J,0.004581214
2413.T,0.014710458
OUTJ.J,0.00270341
7011.T,0.01992643
3692.HK,0.00235406
047810.KS,0.00444996
601117.SH,0.000757091
1942.T,0.001356946
SAN.MC,0.09625594
000488.ZK,0.000126015
300413.ZK,0.000928398
600660.SH,0.001077669
RJF.N,0.032656948
4912.T,0.003618138
ABNd.AS,0.01031228
9041.T,0.008889696
AIR.NZ,0.001153337
CP.TO,0.113761996
INF.L,0.020749033
ABBN.S,0.090420366
RHMG.DE,0.019237228
CNHI.MI,0.022755129
SKAb.ST,0.008503755
DRI.N,0.031246282
600639.SH,0.000139081
9992.HK,0.00264551
MAR.OQ,0.074405694
WEIR.L,0.009399371
3040.SE,0.001245715
1810.HK,0.032020967
ACGL.OQ,0.044006644
316140.KS,0.00888023
002007.ZK,0.000588235
2308.TW,0.03882317
CMIG4.SA,0.005000162
688122.SH,0.000500611
GL.N,0.015163284
NEOEN.PA,0.003380734
002594.ZK,0.007152247
NBGr.AT,0.005794404
RDOR3.SA,0.008085595
0083.HK,0.006208266
UCB.BR,0.016677367
600350.SH,0.000231508
600027.SH,0.000604202
8252.T,0.004837077
DHR.N,0.241355044
CTVA.N,0.059832553
CPIJ.J,0.012164022
LYC.AX,0.006618031
0763.HK,0.004460652
CNP.N,0.028277811
9983.T,0.05803568
0956.HK,0.00095869
1721.T,0.003229495
TTWO.OQ,0.038539056
HEIN.AS,0.046672917
AMSJ.J,0.004438738
BMO.TO,0.100677631
WALMEX.MX,0.032233206
BMRN.OQ,0.024569536
3436.T,0.007749644
BDX.N,0.110622361
002635.ZK,0.000142637
CVO.PA,0.003821063
ORLY.OQ,0.089451122
601916.SH,0.000366281
NEKG.DE,0.006019098
3030.SE,0.001758162
000810.KS,0.009423436
PGOLD.PS,0.000815364
MQG.AX,0.068683994
601988.SH,0.002473098
006280.KS,0.000709316
COST.OQ,0.373550946
VEDN.NS,0.001415892
HES.N,0.057808096
3292.T,0.002951459
0960.HK,0.005803967
EPIRa.ST,0.019351239
CFG.N,0.021389344
KZBGY.IS,9.97E-05
NST.AX,0.015636597
4568.T,0.080631561
EFX.N,0.04410591
600048.SH,0.002237534
0700.HK,0.410023314
601899.SH,0.003793577
HUMN.KW,0.00171831
TCS.NS,0.066332926
002074.ZK,0.000711011
MZTF.TA,0.007913033
RADL3.SA,0.009953131
0857.HK,0.023474138
STLD.OQ,0.026578319
CXSE3.SA,0.001451051
LU.N,0.001589978
ALLE.N,0.01677007
601318.SH,0.007661626
2618.HK,0.004000974
1109.HK,0.016788855
UHS.N,0.014106356
TOP.BK,0.002327335
EQTL3.SA,0.009129155
601601.SH,0.002809173
UTOS.SI,0.003825905
ELAN.N,0.008685321
0323.HK,0.000225307
ENAG.MC,0.006789247
0002.HK,0.019498917
2588.HK,0.002635325
ANSS.OQ,0.04610007
WAT.N,0.024229365
0267.HK,0.008170502
AES.N,0.02210734
000738.ZK,0.00045806
8725.T,0.02506509
CPFE3.SA,0.002107964
AKZO.AS,0.021557871
CWY.AX,0.006115638
QNNC.QA,0.002385902
SCG.AX,0.014683037
CSX.OQ,0.104338859
GMAB.CO,0.040423258
1211.HK,0.050521936
STGT.BK,0.000314074
4403.T,0.004315385
055550.KS,0.019466499
603786.SH,0.000164014
3391.T,0.004346521
IEL.AX,0.006533174
ORG.AX,0.015339089
RENA.PA,0.012640005
6088.HK,0.000299597
3900.HK,0.001248439
0604.HK,0.00065173
7313.T,0.001894589
3401.T,0.002973209
8418.T,0.002338354
IETB.BR,0.006048077
1010.SE,0.020911291
AVY.N,0.021789171
000960.ZK,0.000403008
002372.ZK,0.000446872
BKR.OQ,0.054033482
8086.T,0.001292911
9666.HK,0.000500678
096770.KS,0.010817612
AAP.N,0.006260233
BIG.TA,0.001990706
4091.T,0.004776777
ZYDU.NS,0.00283755
452260.KS,0.000201588
2385.TW,0.003074187
1928.HK,0.013306136
DHI.N,0.060570883
HII.N,0.013690709
000002.ZK,0.001979489
RWEG.DE,0.047673782
DTE.N,0.03427663
UPS.N,0.20355251
6849.T,0.003030404
2356.HK,0.000404592
G1AG.DE,0.010392394
KEY.N,0.015183729
1951.HK,0.001338098
603658.SH,0.000166135
300182.ZK,0.000224924
MNSO.N,0.002402354
TREN.NS,0.005696307
KIM.N,0.018883454
TLI.BK,0.001233793
BNS.TO,0.091398457
LASITEB1.MX,0.001140098
EURA.PA,0.005022555
5471.T,0.002291572
IPCA.NS,0.002013718
0753.HK,0.001996787
TEL2b.ST,0.006490944
ADAG.NS,0.003326732
3034.TW,0.011537607
091990.KQ,0.00761056
900936.SS,0.000976192
9401.T,0.000954067
6473.T,0.003166214
DEMANT.CO,0.00588216
2327.T,0.00138958
600438.SH,0.002276365
688696.SH,0.000100134
SLB.N,0.123630694
COF.N,0.066986834
603993.SH,0.000769749
1818.HK,0.002338391
603233.SH,0.000162577
WELL.N,0.059454639
ANDINAB.SN,0.001579174
3800.HK,0.006534147
000120.KS,0.000718107
TTML.NS,0.000682948
096530.KQ,0.0006943
300168.ZK,0.000226447
VIOH.AT,0.000413421
002625.ZK,0.000482134
600338.SH,0.000157185
600373.SH,0.000253895
002507.ZK,0.00030725
FERG.L,0.049895587
600600.SH,0.001055616
FALABELLA.SN,0.003329427
300390.ZK,0.000413163
011210.KS,0.00123076
RYM.NZ,0.003988693
002028.ZK,0.000593395
SHCM.NS,0.006015009
002241.ZK,0.000919379
BPCC.KW,0.001438177
PTT.BK,0.022119978
CPLE3.SA,0.000770135
1066.HK,0.004746281
BURG.KW,0.000983615
LAND.L,0.009031792
AEP.OQ,0.066396777
TEF.MC,0.031089712
600031.SH,0.002178995
012750.KS,0.001207153
009830.KS,0.005487923
GESAN.IS,0.000519155
WDS.AX,0.069921879
FRT.N,0.01242949
CPF.BK,0.004199692
GOOG.OQ,0.973267012
6754.T,0.001786273
0788.HK,0.007832089
016360.KS,0.002742929
1336.HK,0.002818414
1585.HK,0.003350072
HROM.NS,0.007567434
BKGH.L,0.008590352
002292.ZK,0.000224768
QAMC.QA,0.001294394
WLSNc.AS,0.048070916
MPL.AX,0.010119946
2633.TW,0.003099125
EXC.OQ,0.062476283
BC8G.DE,0.005375857
8951.T,0.009973082
600104.SH,0.00178834
PEG.N,0.047425973
002555.ZK,0.000604437
9001.T,0.007862619
000629.ZK,0.000506169
ADI.OQ,0.151286939
KIMBERA.MX,0.003027992
PTTGC.BK,0.003504338
IPN.PA,0.006555956
2615.TW,0.00228218
AMD.OQ,0.287887673
300724.ZK,0.000477199
000001.ZK,0.003243885
7780.T,0.001359543
600583.SH,0.00042899
GOOGL.OQ,1.120072845
APO.N,0.065484175
SMC.PS,0.001079905
688363.SH,0.000447418
4205.T,0.002060035
6818.HK,0.001325061
9910.TW,0.004315885
SAPJ.J,0.001920608
6127.HK,0.000468182
JGS.PS,0.003689049
2357.HK,0.001834902
ISAT.JK,0.001798833
2380.SE,0.001864293
LSXMK.OQ,0.008101306
TYL.N,0.026736568
MINT.BK,0.005476213
002531.ZK,0.000382726
600486.SH,0.000420641
4544.T,0.001564339
L.TO,0.021101372
A.N,0.053744308
NN.AS,0.016238848
601138.SH,0.004736163
TISC.NS,0.017662613
601360.SH,0.001268735
603927.SH,0.000110976
LHAG.DE,0.008925174
0293.HK,0.00164852
SKC.NZ,0.001671077
000596.ZK,0.001488181
LPPP.WA,0.006170664
300763.ZK,0.000621843
2083.SE,0.002575808
000938.ZK,0.000574952
259960.KS,0.006547054
TITN.NS,0.023176374
TFX.N,0.017987372
SN.L,0.020458143
600895.SH,0.000358288
PENTA.IS,0.00031718
BBSE3.SA,0.006450238
2207.TW,0.012170876
ABEV3.SA,0.020318054
2382.TW,0.026359308
3349.T,0.003011959
PAGE.NS,0.003884313
ENR1n.DE,0.012663904
603882.SH,0.000483545
NWSA.OQ,0.011927263
GPN.N,0.045261912
PWFC.NS,0.004788169
2371.T,0.002824388
MRCG.DE,0.032905437
002456.ZK,0.000290924
IPG.N,0.023980228
D.N,0.064968966
VRSN.OQ,0.02967994
002461.ZK,0.000210439
GUJL.NS,0.002102651
INVH.N,0.032399777
9045.T,0.003893354
BRO.N,0.025159661
002326.ZK,0.000192633
2871.T,0.003565521
300463.ZK,0.000101902
7202.T,0.009851224
000166.ZK,0.001563764
MAERSKa.CO,0.008683666
MAHB.KL,0.002508833
8972.T,0.002748106
MAXE.NS,0.008306444
0148.HK,0.002924596
ICL.TA,0.006979448
033780.KS,0.010176559
BEM.BK,0.003046656
4922.T,0.004295006
6655.HK,0.00040829
4552.T,0.000768037
AYGAZ.IS,0.00029521
0011.HK,0.015455644
002385.ZK,0.000422682
600732.SH,0.000664929
TSLA.OQ,1.232602931
300070.ZK,0.000287563
APSE.NS,0.011367473
SRSr.AT,0.000425907
0008.HK,0.00327221
CHILE.SN,0.007302691
MDBI.MI,0.012409117
MBFL.NS,0.003207403
034230.KQ,0.000795366
CRM.N,0.328141133
601669.SH,0.001458955
0123.HK,0.002671198
600585.SH,0.001393636
603288.SH,0.003237124
300347.ZK,0.000704415
CENCOSUD.SN,0.004385388
ROST.OQ,0.057209457
ROSNN.BX,0.000830958
ANGJ.J,0.014874959
TDG.N,0.071565859
LOIM.PA,0.008386317
DELTA.BK,0.01329587
BARC.L,0.049241893
OMVV.VI,0.009821662
1150.SE,0.014558241
CI.N,0.126633887
DKSH.S,0.004371423
LOW.N,0.208950742
9984.T,0.073396096
WES.AX,0.057738565
REDY.NS,0.011666927
TATA.NS,0.003391845
3774.T,0.003135663
GBLB.BR,0.011887452
600030.SH,0.003678217
300759.ZK,0.000212418
CMDG.SI,0.002908895
ANET.N,0.066241782
002202.ZK,0.000560539
SANB11.SA,0.003486808
MAP.MC,0.003045133
MRU.TO,0.01970837
IG.MI,0.004417843
WPHB.KL,0.001258142
EMAR.DU,0.018862665
071050.KS,0.002344517
S32.AX,0.018518129
8986.T,0.002606973
300001.ZK,0.000311899
VOLCARb.ST,0.003987795
DSFIR.AS,0.030381739
002065.ZK,0.000325783
TMO.N,0.307694743
6702.T,0.036020214
PIRC.MI,0.0039523
TEPRF.PA,0.015401004
600536.SH,0.000638307
MAS.N,0.020795195
ANA.MC,0.005431581
3347.HK,0.001111461
SAP.TO,0.007947378
IAG.AX,0.014782787
EKGYO.IS,0.000870634
DFIR.SI,0.001338084
3471.T,0.002920474
MRVL.OQ,0.085549556
GPSC.BK,0.001692893
300682.ZK,0.000340186
000932.ZK,0.000499293
600871.SH,0.000166148
DXCM.OQ,0.081204984
300146.ZK,0.000522766
4519.T,0.027933307
EQH.N,0.015331408
PYPL.OQ,0.127155456
688779.SH,0.000202152
7211.T,0.003406379
SBSP3.SA,0.00587994
LYV.N,0.023249221
000712.ZK,0.000163355
0995.HK,0.000678394
EXHO.PA,0.0143569
0853.HK,0.002563613
KASA.SI,0.002306975
PGSUS.IS,0.001603677
023530.KS,0.000943221
AVTR.N,0.021570776
6690.HK,0.010719915
002249.ZK,0.000143583
020150.KS,0.001446308
002424.ZK,0.000155632
3618.HK,0.001240908
CAH.N,0.036589906
DOW.AX,0.003190685
0570.HK,0.001614688
BLKI.NS,0.003600621
ORAN.PA,0.034259134
SNTJ.J,0.001015953
TOU.TO,0.022228614
LREN3.SA,0.005538373
0392.HK,0.002625141
300699.ZK,0.000329644
RBREW.CO,0.006835736
DB1Gn.DE,0.05180493
3659.T,0.011971409
IMB.L,0.032412582
8411.T,0.063407323
TPGC.KL,0.001607513
BALL.N,0.026341308
JSWE.NS,0.002056612
1038.HK,0.004639365
0386.HK,0.021958899
NDAFI.HE,0.060266643
BXP.N,0.014839089
1088.HK,0.015293892
002701.ZK,0.000171676
6301.T,0.037993765
INTB3.SA,0.000543812
POLI.TA,0.018450676
600406.SH,0.002919676
600028.SH,0.003275794
601108.SH,0.000516116
BA.N,0.179667042
300408.ZK,0.000908686
002416.ZK,7.08E-05
TVSM.NS,0.005910619
6594.T,0.044199972
000709.ZK,0.00034559
601633.SH,0.001044508
COP.N,0.200828417
NXT.AX,0.006828955
VIPS.N,0.009104422
000009.ZK,0.00044417
QUAGR.IS,0.000275554
NI.N,0.017167153
TXT.N,0.020813949
SCC.BK,0.010617203
IRPC.BK,0.001064382
002153.ZK,0.000530827
LATOb.ST,0.004382857
AMZN.OQ,1.822632143
CTAS.OQ,0.06644185
300253.ZK,0.000230088
2009.HK,0.000392574
601866.SH,0.000367651
600556.SH,0.000138411
ALDA.PA,0.002202157
688385.SH,0.000243063
002812.ZK,0.0010726
LEA.N,0.013275087
BIC.CN,0.003521311
WAB.N,0.030770864
CMI.N,0.055933308
ITSA4.SA,0.016153025
ILMN.OQ,0.043396825
TKAG.DE,0.006121561
ALL.AX,0.026132206
WBD.OQ,0.042827778
3269.T,0.004888225
ARION.IC,0.00247435
DGE.L,0.147795395
1788.HK,0.000282973
UHRN.S,0.004947394
002493.ZK,0.000538392
9044.T,0.003514817
HDFL.NS,0.012029264
LVS.N,0.030222093
GRTJ.J,0.003600489
SUSEG.DE,0.000735367
601985.SH,0.001789929
9506.T,0.004378338
GENT.KL,0.003037534
B3SA3.SA,0.026794115
7649.T,0.002394702
1326.TW,0.010841035
AON.N,0.103032428
9917.TW,0.001526629
LONN.S,0.072555113
ADNA.NS,0.007603616
2886.TW,0.021561301
SCAb.ST,0.012665453
097950.KS,0.002648529
601166.SH,0.004803015
NSC.N,0.081345989
YYLGD.IS,0.000126739
ASTOR.IS,0.00092597
6481.T,0.003731467
002506.ZK,0.000261652
002371.ZK,0.002251379
8976.T,0.00183171
002460.ZK,0.001440887
000883.ZK,0.000414835
CAT.N,0.207488763
WTC.AX,0.013545999
ENI.MI,0.050585522
0136.HK,0.0018724
000725.ZK,0.002412893
DGX.N,0.023921118
EMAARDEV.DU,0.002277197
3328.HK,0.006375938
BBDC4.SA,0.027319224
293490.KQ,0.001612841
9508.T,0.004436829
MDT.N,0.175181206
600906.SH,0.000194119
REY.MI,0.003937832
7203.SE,0.006775668
MFG.AX,0.00123943
LVMH.PA,0.364020837
BNZL.L,0.018836131
600216.SH,0.000159466
600061.SH,0.00049986
BJAT.NS,0.003653619
1882.HK,0.002117261
5201.T,0.009949113
BAES.L,0.055648495
6993.HK,0.000649956
YKBNK.IS,0.001977032
BPAC11.SA,0.012269681
603515.SH,9.11E-05
AZN.L,0.302841534
LYB.N,0.035751501
MU.OQ,0.108081876
TATE.L,0.005807152
6049.HK,0.0009936
9684.T,0.005544152
CNR.TO,0.106273922
RBPJ.J,0.000802884
4751.T,0.004821593
SQ.N,0.065220837
5714.T,0.002197523
BLND.L,0.005988485
3288.T,0.003960107
7984.T,0.001816032
0968.HK,0.007005078
601699.SH,0.000748064
600900.SH,0.007879609
603228.SH,0.00013303
6966.T,0.002348266
TUPRS.IS,0.004306941
CIEL3.SA,0.001696323
TLITn.MI,0.002626495
MCK.N,0.085663446
005300.KS,0.000533514
INGA.AS,0.078352334
ALARK.IS,0.000607529
LH.BK,0.003086061
3141.T,0.00298602
CNA.N,0.001507879
BJFN.NS,0.033754077
3008.TW,0.011433276
600095.SH,0.00018342
600522.SH,0.000797189
BESI.AS,0.013892419
300257.ZK,0.000221018
AVIA.JK,0.001126571
O.N,0.061371011
900948.SS,0.002179989
EUFI.PA,0.012366208
URW.PA,0.009190524
HRL.N,0.017323123
2891.TW,0.02352039
7532.T,0.011782448
200596.SZ,0.003247652
RSG.N,0.046866006
LXSG.DE,0.004479934
600362.SH,0.000602831
SEBF.PA,0.003767959
GSK.L,0.106881574
ADYEN.AS,0.077931567
NVCR.OQ,0.006324506
DSCT.TA,0.010339078
035760.KQ,0.00079876
LOGN.S,0.015544671
7751.T,0.03957694
2503.T,0.016917437
GGPS3.SA,0.002297297
WN.TO,0.011939081
000402.ZK,0.000200295
302440.KS,0.002133516
SAMPO.HE,0.031248211
7458.T,0.002336595
3088.T,0.010554599
000157.ZK,0.000744387
002916.ZK,0.000222412
004170.KS,0.001582046
8058.T,0.087995671
004370.KS,0.001524232
PAYT.NS,0.002797327
2057.HK,0.017726938
CRDA.L,0.015644743
ROK.N,0.060674685
BRES.QA,0.00231767
2282.HK,0.001470058
5101.T,0.004379833
ATHM.N,0.002649215
SRENH.S,0.046678105
AOT.BK,0.013657932
ASML.AS,0.448540633
AXIA.KL,0.003789735
SOF.BR,0.005032135
CRFB3.SA,0.001826504
BZ.OQ,0.007357907
300866.ZK,0.000158798
601328.SH,0.003207677
TECN.S,0.007752556
002185.ZK,0.000479475
8113.T,0.02247845
STAR.SI,0.000678681
KONTR.IS,0.000812145
0425.HK,0.003120152
WM.N,0.103181501
GOCP.NS,0.007061405
SCHE.NS,0.002372561
6066.HK,0.001460109
SKFb.ST,0.010945273
WRB.N,0.01959914
OSP.BK,0.001754799
MTMJ.J,0.001954059
600597.SH,0.00021427
000656.ZK,0.000108697
RA.MX,0.002845912
ENEV3.SA,0.004753758
7030.SE,0.002491493
ANN.AX,0.003159933
HRA.MI,0.003646262
5334.T,0.006190191
601006.SH,0.001599335
375500.KS,0.001121029
HTHT.OQ,0.013362366
9009.T,0.008624157
2015.HK,0.030456726
3799.HK,0.001415263
BAP.N,0.016193647
3958.HK,0.000698083
688777.SH,0.000641643
ERES.QA,0.000724748
LISP.S,0.020448247
0914.HK,0.004521098
KOZAA.IS,0.000592544
600887.SH,0.002595661
PRU.L,0.058985376
SWEDa.ST,0.029067999
1913.HK,0.005728499
TLKM.JK,0.018135842
002123.ZK,0.000175217
000988.ZK,0.000644678
MTCH.OQ,0.02033807
JFC.PS,0.002936216
SGEN.OQ,0.041883529
OMAB.MX,0.004903135
9989.HK,0.000153547
NCM.AX,0.025687465
002600.ZK,0.00072582
STLAM.MI,0.056532558
KARSN.IS,0.000218075
KMPUR.IS,0.000190379
GENM.KL,0.00238542
O2Dn.DE,0.003766275
EXPE.OQ,0.026444049
ALQ.AX,0.005754733
000758.ZK,0.000141922
PCOP.WA,0.002015945
4966.TWO,0.003187482
600699.SH,0.000405338
HLMA.L,0.016604665
TOPO.NS,0.002481616
000733.ZK,0.000723774
3320.HK,0.001989604
1816.HK,0.004183536
ADEN.S,0.009517915
601155.SH,0.000465195
271560.KS,0.003139677
KORDS.IS,0.000260563
6178.HK,0.000274436
FERTIGLOBE.AD,0.001608665
PPT.AX,0.003026647
CE.N,0.018590994
PTM.AX,0.000873178
NET.N,0.031920729
TENA.KL,0.009873459
ECZYT.IS,0.000188468
TORP.NS,0.003488039
WLIL.SI,0.00921154
INIR.NS,0.003482543
688187.SH,0.000363079
603868.SH,0.000178297
CTLT.N,0.012529567
600008.SH,0.000313034
688536.SH,0.000333998
2801.TW,0.006125616
GLO.PS,0.00160483
0341.HK,0.000641249
051900.KS,0.005183156
COLBUN.SN,0.001716765
LNG.A,0.058504374
SGM.AX,0.002556465
002690.ZK,0.000300885
AEGN.AS,0.014215828
PNBK.NS,0.002521583
3406.TW,0.001641805
6781.TW,0.000803836
BG.N,0.023399943
BBAJIOO.MX,0.003609388
021240.KS,0.003009702
ADAN.NS,0.004424292
000718.ZK,0.000121744
7731.T,0.006139933
1199.HK,0.001235706
8984.T,0.006532226
COLG.NS,0.004539242
8308.T,0.016769172
000785.ZK,0.000145057
1299.HK,0.181037926
300418.ZK,0.000698176
MACE.NS,0.002910965
JPM.N,0.684226545
300498.ZK,0.000517535
DG.N,0.054854677
DDOG.OQ,0.047311149
SAMD.NS,0.004277636
2408.TW,0.002796478
4812.T,0.001357397
UGPA3.SA,0.005100137
TCFP.PA,0.023526531
2356.TW,0.009757967
2501.T,0.002460081
9688.HK,0.004147384
204320.KS,0.001982704
4887.T,0.001492564
1929.HK,0.004442111
ABNB.OQ,0.090441343
7947.T,0.001404168
DLF.NS,0.005702988
PIKJ.J,0.001139658
ORA.AX,0.002983158
COLOb.CO,0.021527728
300026.ZK,0.000231669
603127.SH,0.000226911
2269.T,0.009392189
AKER.OL,0.002286599
9766.T,0.007895456
GWO.TO,0.01240358
BKNG.OQ,0.168483763
YAL.AX,0.000843445
KLKK.KL,0.004166722
002382.ZK,8.14E-05
1821.HK,0.007068822
000999.ZK,0.000798008
1102.TW,0.005269101
OGN.N,0.007978612
688099.SH,0.000584261
601818.SH,0.002144474
OEBO.NS,0.002300719
TD.TO,0.17885168
600580.SH,0.000261544
000683.ZK,0.000389616
5406.T,0.00487233
CNQ.TO,0.095294096
0019.HK,0.005142494
000539.ZK,0.000266924
DPH.L,0.008145777
TAH.AX,0.002615749
SOLB.BR,0.012229806
000902.ZK,0.000218452
VOD.L,0.031117011
4684.T,0.016955346
600655.SH,0.000402736
ASURB.MX,0.008920377
ROL.N,0.014960807
6865.HK,0.002022083
LOTB.BR,0.005168934
EIX.N,0.039912574
MPC.N,0.080267398
002901.ZK,6.72E-05
BP.L,0.157836413
BBDC3.SA,0.006976985
FSLR.OQ,0.032644966
TWE.AX,0.008190518
DIS.N,0.239384983
BANPU.BK,0.003171673
1877.HK,0.000831846
TRUE.BK,0.003248436
3407.T,0.012913054
FOUG.PA,0.011784809
STEG.SI,0.00639488
200581.SZ,0.000285729
BOLL.PA,0.010097677
051905.KS,0.000471454
1313.HK,0.001269022
0272.HK,0.000570523
MONC.MI,0.022064853
1476.TW,0.004884903
SYF.N,0.02348441
2290.SE,0.005265164
200869.SZ,0.000436071
000031.ZK,0.000208893
SIXG_p.DE,0.001925697
SOGN.PA,0.028344177
1339.HK,0.004562369
BRSAN.IS,0.00057494
AFL.N,0.064999027
RAAG.DE,0.00537424
3231.T,0.003967834
000983.ZK,0.000681091
3331.HK,0.000928952
9201.T,0.004814685
BCE.TO,0.020098119
002797.ZK,0.000357792
0811.HK,0.000394963
008770.KS,0.002742829
6618.HK,0.010439559
002192.ZK,0.000241557
HTHB.KL,0.001126881
2603.TW,0.004876494
8031.T,0.084371333
BEZG.L,0.007348449
002459.ZK,0.001628157
VOYA.N,0.011168016
HBAN.OQ,0.0255023
ALNY.OQ,0.039267577
TFC.N,0.069689682
002242.ZK,0.000166622
200012.SZ,0.000539153
PGAS.JK,0.001447965
PSA.N,0.070215699
688390.SH,0.000367602
2799.HK,0.001100494
BRBY.L,0.015832109
0576.HK,0.00139059
TAP.N,0.018058194
ZTS.N,0.120587723
YY.OQ,0.001668284
605358.SH,0.000379251
5880.TW,0.014117415
BAMI.MI,0.010489383
AKSA.IS,0.000525136
BRIT.NS,0.011193978
QFIN.OQ,0.003143597
SOL.AX,0.008716675
7071.T,0.000738891
DNB.OL,0.031306983
INTU.OQ,0.206118764
UNIP6.SA,0.001202592
3697.T,0.003813835
MARL.IC,0.002853479
000987.ZK,0.000206391
601077.SH,0.000263831
AIZ.N,0.010176181
2688.HK,0.013211648
0012.HK,0.005824645
GS.N,0.16583468
601555.SH,0.000561011
8046.TW,0.002845446
QCOM.OQ,0.208747937
TEVA.TA,0.013881559
4938.TW,0.008463371
CENCOSHOPP.SN,0.001382765
BPT.AX,0.002726402
EPIRb.ST,0.010105223
AMMB.KL,0.002685287
5803.T,0.003407153
UMI.BR,0.009568028
SHLG.DE,0.023955305
002152.ZK,0.000432833
4204.T,0.007244434
PAYC.N,0.028590206
7272.T,0.013274155
000625.ZK,0.001706456
002498.ZK,9.38E-05
NOKIA.HE,0.031592003
600236.SH,0.000277076
0665.HK,0.000493561
002127.ZK,0.000136785
6699.HK,0.000585909
ONGC.NS,0.012024678
EA.BK,0.004194694
600999.SH,0.001536212
RRTL.DE,0.002463902
1316.HK,0.000888757
ABB.NS,0.004422337
GWIND.IS,0.000187576
300207.ZK,0.000446618
3281.T,0.006859288
DLEKG.TA,0.001438453
2899.HK,0.014175912
LMDr.AT,0.0008444
AURE3.SA,0.001627739
ESSITYb.ST,0.025756699
PAYX.OQ,0.059938166
9735.T,0.019445566
9843.T,0.014094191
HPHT.SI,0.001485934
BALDb.ST,0.004229408
REA.AX,0.007791789
000800.ZK,0.000311491
DIVI.NS,0.008590039
8572.T,0.001502805
300369.ZK,0.000141034
AGNr.AT,0.000769247
FED.NS,0.003927317
6506.T,0.017644148
000831.ZK,0.000449628
601992.SH,0.000267637
9921.TW,0.003606701
LHX.N,0.056526249
300604.ZK,0.000394209
002405.ZK,0.000399306
6969.HK,0.002653562
600884.SH,0.000507284
0656.HK,0.00226164
IT.N,0.043700712
JNSP.NS,0.004592685
688009.SH,0.000579316
MBT.PS,0.002848353
6501.T,0.086331035
9435.T,0.004997129
300741.ZK,7.25E-05
TOM.OL,0.00567864
300677.ZK,0.000215479
600378.SH,0.000422328
000623.ZK,0.000283254
2202.HK,0.004048287
601997.SH,0.000284669
ZEE.NS,0.003453438
LBRDA.OQ,0.002121478
2380.HK,0.003002031
AEE.N,0.033603214
603077.SH,0.000335924
SCCO.N,0.009947647
010620.KS,0.002228025
8309.T,0.020419735
PHM.N,0.027687411
300223.ZK,0.000543993
TSKB.IS,0.000324778
2768.T,0.008091639
MNST.OQ,0.064055894
4385.T,0.004377143
VODJ.J,0.005820846
SKBN.TA,0.000998854
HIK.L,0.006046658
603596.SH,0.000534761
002791.ZK,0.000187116
EIMS.IC,0.000713526
AUTOA.L,0.011428893
DABU.NS,0.0061987
035720.KS,0.018941518
ICEAIR.IC,0.000538892
003490.KS,0.005734344
HIG.N,0.033670115
REXP.NS,0.001285054
AMOT.TA,0.001842552
EXCL.JK,0.000886933
5711.T,0.003359926
CHLA.NS,0.008562544
601857.SH,0.002991888
2601.HK,0.009711587
9989.T,0.002989015
9904.TW,0.003986004
6302.T,0.004122412
0151.HK,0.004426616
002142.ZK,0.002408853
ADNOCDIST.AD,0.004800217
0667.HK,0.000245672
300751.ZK,0.000835525
RVTY.N,0.02349593
PEOLES.MX,0.002717784
0069.HK,0.001320428
4185.T,0.007825165
603259.SH,0.002592283
ALSO.PA,0.014251528
NTCJ.J,0.001729404
LDOF.MI,0.008101158
NWS.OQ,0.00368606
000783.ZK,0.000497936
9202.T,0.005661235
000547.ZK,0.000225397
002926.ZK,0.000232909
LBTYK.OQ,0.007231186
ELET3.SA,0.015892207
5831.T,0.005782653
603613.SH,0.000371297
RHBC.KL,0.00301056
000778.ZK,0.000234776
00088K.KS,0.000409432
PINS.N,0.027365074
MOLB.BU,0.006321974
RCL.N,0.035395019
CCL.N,0.027604351
6471.T,0.004248667
0586.HK,0.002540008
SJM.N,0.023177509
ULKER.IS,0.000310506
BR.N,0.029847511
ABUJ.NS,0.005656172
6004.SE,0.001913961
LW.N,0.024781481
HCA.N,0.090216427
STDM.PA,0.009624533
9926.HK,0.00351114
005930.KS,0.411894816
HCLT.NS,0.022925698
000080.KS,0.00076618
EG.N,0.02305981
SBKJ.J,0.021270637
603185.SH,0.000387048
MONET.PR,0.002012701
ASTL.NS,0.004066314
HIAE.NS,0.006784645
0694.HK,0.001748124
JBSS3.SA,0.007816486
601088.SH,0.002922558
8464.TW,0.002323939
3086.T,0.003640158
001979.ZK,0.001300564
ALB.N,0.042236366
2607.HK,0.002335485
RELI.NS,0.176143256
7459.T,0.003741949
1216.TW,0.017937129
000830.ZK,0.000323174
601877.SH,0.000523936
1138.HK,0.002137464
AKE.AX,0.009971945
4161.SE,0.000832491
LUV.N,0.008334708
AMC.AX,0.022411035
7752.T,0.007639788
9945.TW,0.004075807
002939.ZK,0.00038458
0017.HK,0.005033903
BTS.BK,0.002873462
603589.SH,0.000185382
9613.T,0.013375596
6098.T,0.069809809
003670.KS,0.015698734
600009.SH,0.001686819
078930.KS,0.002037963
601231.SH,0.00019839
6845.T,0.006238434
002252.ZK,0.000761207
GLAX.NS,0.001112716
0467.HK,0.001198761
1928.T,0.017643468
6005.TW,0.001459279
COAL.NS,0.009614187
MACT.SI,0.004437519
TLS.AX,0.017807209
000869.ZK,0.000178171
HARL.TA,0.001382434
BZU.MI,0.003404443
329180.KS,0.003236791
EA.OQ,0.057908563
000550.ZK,0.000133389
900932.SS,0.001055205
4612.T,0.01289029
601939.SH,0.000838186
NTGY.MC,0.006264174
0916.HK,0.005143565
9719.T,0.003092272
NBKK.KW,0.036591207
4002.SE,0.005004078
BN.TO,0.080200377
9532.T,0.009233245
MONDE.PS,0.001687721
RTX.N,0.213106172
GODI.NS,0.000765813
300037.ZK,0.000552563
002146.ZK,0.000106787
ILCO.TA,0.001649284
DHER.DE,0.013189215
IMI.L,0.008227316
COL.AX,0.024439557
300244.ZK,0.000211261
LLC.AX,0.005822719
AXAF.PA,0.08089145
COH.AX,0.015493148
MRPJ.J,0.003134618
1211.SE,0.021791261
3323.HK,0.003886389
300136.ZK,0.000282359
9627.T,0.001543987
SAIL.NS,0.002426589
PPG.N,0.054084249
NEST.NS,0.015335177
ICBK.NS,0.028493505
MKL.N,0.027904721
SHMF.NS,0.009268418
TKWY.AS,0.005364616
1072.HK,0.000727322
RATCH.BK,0.001880084
012450.KS,0.005337511
6869.HK,0.000398141
601689.SH,0.001045515
SCHW.N,0.148994165
AMGN.OQ,0.18921235
JBHT.OQ,0.023569501
8283.T,0.00163197
8801.T,0.02704267
TAL.N,0.004076318
001040.KS,0.000961264
600521.SH,0.000401172
FE.N,0.032202039
601928.SH,0.000391098
DOX.OQ,0.01741874
MULT3.SA,0.002320526
SALIK.DU,0.002473201
600115.SH,0.000988392
600219.SH,0.000535837
SVT.L,0.012313011
603267.SH,0.000188597
GDRB.BU,0.005552722
BANB.S,0.004217138
2331.T,0.002895039
6954.T,0.049560849
1044.HK,0.004114369
FTNT.OQ,0.080231835
000703.ZK,0.000341449
2810.T,0.002543904
WCHG.DE,0.00350251
601198.SH,0.000393844
AC.MX,0.007063755
000408.ZK,0.000420824
GRAS.NS,0.012638037
TWLO.N,0.016878205
002352.ZK,0.003409863
9507.T,0.001605578
4452.T,0.025892916
WYNN.OQ,0.017110052
GGBR4.SA,0.009448493
EDPR.LS,0.007469322
NEXII.MI,0.00712642
IFT.NZ,0.007605878
8359.T,0.003254997
ADM.N,0.066681644
600598.SH,0.000368738
GWW.N,0.051653897
BBY.N,0.024777512
BBAS3.SA,0.013126995
RECI.MI,0.007194261
L.N,0.017379285
2628.HK,0.017399443
TEL.OL,0.009874317
MELI.OQ,0.085042084
HEI.N,0.011998883
5938.T,0.005224041
MG.TO,0.024605338
MRO.N,0.023456641
688006.SH,0.000231008
NPHJ.J,0.004497906
4540.T,0.001889491
2333.HK,0.004285937
IGAS.NS,0.003208357
8060.T,0.001805483
IMCD.AS,0.013158779
002080.ZK,0.000507669
006260.KS,0.001773328
BAYE.NS,0.001118601
NEM.N,0.054487453
VOWG_p.DE,0.042288831
002465.ZK,0.000346861
DISB.DU,0.006792808
4208.T,0.002603288
MAHM.NS,0.026763953
002821.ZK,0.000427349
090430.KS,0.003712342
8876.T,0.002207579
603737.SH,0.000470191
MYOR.JK,0.000868007
MDB.OQ,0.042586849
6526.T,0.005588416
HVEL.NS,0.005962271
VERB.VI,0.008172655
SIXG.DE,0.002346712
LICH.NS,0.002155058
0579.HK,0.000555949
CBSH.OQ,0.008859032
300274.ZK,0.002494776
PRX.AS,0.081693597
IQCD.QA,0.007886854
PNR.N,0.016382614
U.N,0.020609911
000799.ZK,0.000441376
NESM.KL,0.002692516
9504.T,0.0030068
SYK.N,0.160484336
0179.HK,0.000784072
8111.T,0.004615559
601333.SH,0.000278828
KLBF.JK,0.003765952
APEX.AD,0.000478666
ALEP.WA,0.005751962
1113.HK,0.016606212
UAL.OQ,0.006850383
US.MI,0.001648959
7832.T,0.020657409
FHZN.S,0.006095851
SQMB.SN,0.016518018
QUINENCO.SN,0.001351631
POLC.NS,0.00366485
601311.SH,0.00016246
CCI.N,0.072828367
603799.SH,0.001128403
NVDA.OQ,1.718737777
5301.T,0.002602168
688690.SH,0.000229559
PETR3.SA,0.037961791
INVEb.ST,0.052014842
300618.ZK,0.000154484
9706.T,0.003776563
000858.ZK,0.009712532
6808.HK,0.000820033
3861.T,0.00508299
IRM.N,0.027248995
4743.TWO,0.003434813
9101.T,0.017865434
TBIG.JK,0.000919029
MPHC.QA,0.003489888
ALPA4.SA,0.000677168
601607.SH,0.000875527
VEEV.N,0.046148835
000061.ZK,0.000168181
BBVA.MC,0.073315933
KOFUBL.MX,0.006719004
TT.N,0.069050641
3289.T,0.005205317
002156.ZK,0.000531761
603893.SH,0.000176266
NOD.OL,0.004033941
RPRX.OQ,0.017471576
2181.T,0.005135929
2328.HK,0.011175854
PCAR.OQ,0.069791912
AGR.N,0.004023547
FDJ.PA,0.006030381
7012.T,0.005504106
ZOREN.IS,0.000197392
GAMU.KL,0.003522475
DLGD.L,0.003768567
002399.ZK,8.91E-05
ETEL.CA,0.000428966
SRG.MI,0.01776715
RMD.N,0.048864158
5444.T,0.002258261
BBL.BK,0.004853801
CME.OQ,0.102270767
HZNP.OQ,0.035450511
8088.T,0.004094466
DSYJ.J,0.006877909
STEL.SI,0.022192554
7974.T,0.07280882
CIMB.KL,0.01387083
0881.HK,0.003461918
051600.KS,0.000831841
APH.N,0.075725244
8306.T,0.138139909
6951.T,0.002248891
9519.T,0.000735104
603355.SH,0.000109891
6412.T,0.001388667
600663.SH,0.000268584
2359.HK,0.004705203
ENPH.OQ,0.037273871
HPE.N,0.034371051
SSE.L,0.038469724
600346.SH,0.000704317
WEGE3.SA,0.016930786
8954.T,0.00507144
SO.N,0.114649857
YUM.N,0.057122155
605117.SH,0.000775636
